strain,insertion: 35bp @ ref pos 0,insertion: 49bp @ ref pos 1701
A/Canoas/LACENRS-773/2015,AGCAAAAGCAGGGGATAATTCTATTAACC,GTGCATTAATTAAAAACACCCTTGTTTCTACT
A/PassoFundo/LACENRS-1854/2015,AGCAAAAGCAGGGGATAATTCTATTAACC,GTGCATTAATTAAAAACACCCTTGTTTCTACT
A/PortoAlegre/LACENRS-1155/2015,AGCAAAAGCAGGGGATAATTCTATTAACC,GTGCATTAATTAAAAACACCCTTGTTTCTACT
A/PortoAlegre/LACENRS-1112/2015,AGCAAAAGCAGGGGATAATTCTATTAACC,GTGCACTAATTAAAAACACCCTTGTTTCTACT
A/PortoAlegre/LACENRS-820/2015,AGCAAAAGCAGGGGATAATTCTATTAACC,GTGCATTAATTAAAAACACCCTTGTTTCTACT
A/PortoAlegre/LACENRS-1030/2015,AGCAAAAGCAGGGGATAATTCTATTAACC,GTGCATTAATTAAAAACACCCTTGTTTCTACT
A/PortoAlegre/LACENRS-1969/2015,AGCAAAAGCAGGGGATAATTCTATTAACC,GTGCATTAATTAAAAACACCCTTGTTTCTACT
A/PortoAlegre/LACENRS-921/2015,AGCAAAAGCAGGGGATAATTCTATTAACC,GTGCATTAATTAAAAACACCCTTGTTTCTACT
A/China/GMU-SKLRD03/2017,AGCAAAAGCAGGGGATAATTCTATTAACC,GTGCATTAATTAAAAACACCCTTGTTTCTACT
A/Linkou/0153/2016,AGCAAAAGCAGGGGATAATTCTATTAACC,GTGCATTAATTAAAAACACCC
A/Linkou/0166/2016,AGCAAAAGCAGGGGATAATTCTATTAACC,GTGCATTAATTAAAAACACCC
A/Taipei/0123/2017,AGCAAAAGCAGGGGATAATTCTATTAACC,GTGCATTAATTAAAAACACCC
A/Linkou/0185/2016,AGCAAAAGCAGGGGATAATTCTATTAACC,GTGCATTAATTAAAAACACCC
A/Linkou/0302/2017,AGCAAAAGCAGGGGATAATTCTATTAACC,GTGCATTAATTAAAAACACCC
A/Linkou/0304/2017,AGCAAAAGCAGGGGATAATTCTATTAACC,GTGCATTAATTAAAAACACCC
A/Santiago/p024d0/2017,AGCAAAAGCAGGGGATAATTCTATTAACC,GTACATTAATTAAAAACACCCTTGTTTCTACT
A/MUWRP-Uganda/705/2017,AGCAAAAGCAGGGGATAATTCTATTAACC,GTGCATTAATTAAAAACACCCTTGTTTCTACT
A/Pernambuco/9511/2018,AGCAAAAGCAGGGGATAATTCTATTAACC,GTGCATTAATTAAAAACACCCTTGTTTCTRC
A/Baltimore/P0298/2018,AGCAAAAGCAGGGGATAATTCTATTAACC,GTGCATTAATTAAAAACACCC
A/Keelung/0089/2016,AGCAAAAGCAGGGGATAATTCTATTAACC,GTGCATTAATTAAAAACACCC
A/Linkou/0192/2017,AGCAAAAGCAGGGGATAATTCTATTAACC,GTGCATTAATTAAAAACACCC
A/Linkou/0347/2017,AGCAAAAGCAGGGGATAATTCTATTAACC,GTGCATTAATTAAAAACACCC
A/Taipei/0122/2017,AGCAAAAGCAGGGGATAATTCTATTAACC,GTGCATTAATTAAAAACACCC
A/Santiago/PUC-MVL_012/2018,AGCAAAAGCAGGGGATAATTCTATTAACC,GTGCATTAATTAAAAACACCCTTGTTTCTACT
A/Santiago/RMS_op010d0/2017,AGCAAAAGCAGGGGATAATTCTATTAACC,GTGCATTAATTAAAAACACCCTTGTTTCTACT
A/Santiago/PUC-MVL_025/2018,AGCAAAAGCAGGGGATAATTCTATTAACC,GTGCATTAATTAAAAACACCCTTGTTTCTACT
A/Santiago/PUC-MVL_042/2018,AGCAAAAGCAGGGGATAATTCTATTAACC,GTGCATTAATTAAAAACACCCTTGTTTCTACT
A/Santiago/op004d0/2017,AGCAAAAGCAGGGGATAATTCTATTAACC,GTGCATTAATTAAAAACACCCTTGTTTCTACT
A/Keelung/0081/2016,AGCAAAAGCAGGGGATAATTCTATTAACC,GTGCATTAATTAAAAACACCC
A/Keelung/0082/2016,AGCAAAAGCAGGGGATAATTCTATTAACC,GTGCATTAATTAAAAACACCC
A/Keelung/0097/2016,AGCAAAAGCAGGGGATAATTCTATTAACC,GTGCATTAATTAAAAACACCC
A/Linkou/0173/2016,AGCAAAAGCAGGGGATAATTCTATTAACC,GTGCATTAATTAAAAACACCC
A/Keelung/0113/2017,AGCAAAAGCAGGGGATAATTCTATTAACC,GTGCATTAATTAAAAACACCC
A/Linkou/0168/2016,AGCAAAAGCAGGGGATAATTCTATTAACC,GTGCATTAATTAAAAACACCC
A/Linkou/0194/2017,AGCAAAAGCAGGGGATAATTCTATTAACC,GTGCATTAATTAAAAACACCC
A/Linkou/0169/2016,AGCAAAAGCAGGGGATAATTCTATTAACC,GTGCATTAATTAAAAACACCC
A/Linkou/0061/2016,AGCAAAAGCAGGGGATAATTCTATTAACC,GTGCATTAATTAAAAACACCC
A/Taipei/0092/2016,AGCAAAAGCAGGGGATAATTCTATTAACC,GTGCATTAATTAAAAACACCC
A/Taipei/0020/2016,AGCAAAAGCAGGGGATAATTCTATTAACC,GTGCATTAATTAAAAACACCC
A/PortoAlegre/LACENRS-1013/2016,AGCAAAAGCAGGGGATAATTCTATTAACC,GTGCATTAATTAAAAACACCCTTGTTTCTACT
A/Santiago/PUC-MVL_038/2017,AGCAAAAGCAGGGGATAATTCTATTAACC,GTGCATTAATTAAAAACACCCTTGTTTCTACT
A/Santiago/op002d0/2017,AGCAAAAGCAGGGGATAATTCTATTAACC,GTGCATTAATTAAAAACACCCTTGTTTCTACT
A/Santiago/PUC-MVL_005/2017,AGCAAAAGCAGGGGATAATTCTATTAACC,GTGCATTAATTAAAAACACCCTTGTTTCTACT
A/Santiago/RMS_p004d0/2017,AGCAAAAGCAGGGGATAATTCTATTAACC,GTGCATTAATTAAAAACACCCTTGTTTCTACT
A/Santiago/PUC-MVL_012/2017,AGCAAAAGCAGGGGATAATTCTATTAACC,GTACATTAATTAAAAACACCCTTGTTTCTACT
A/Santiago/PUC-MVL_013/2017,AGCAAAAGCAGGGGATAATTCTATTAACC,GTACATTAATTAAAAACACCCTTGTTTCTACT
A/Santiago/PUC-MVL_058/2017,AGCAAAAGCAGGGGATAATTCTATTAACC,GTACATTAATTAAAAACACCCTTGTTTCTACT
A/Linkou/0051/2016,AGCAAAAGCAGGGGATAATTCTATTAACC,GTGCATTAATTAAAAACACCC
A/Linkou/0081/2016,AGCAAAAGCAGGGGATAATTCTATTAACC,GTGCATTAATTAAAAACACCC
A/Taipei/0011/2015,AGCAAAAGCAGGGGATAATTCTATTAACC,GTGCATTAATTAAAAACACCC
A/Santiago/PUC-MVL_188/2017,AGCAAAAGCAGGGGATAATTCTATTAACC,GTGCATTGATTAAAAACACCCTTGTTTCTACT
A/Santiago/p010d0/2017,AGCAAAAGCAGGGGATAATTCTATTAACC,GTGCATTGATTAAAAACACCCTTGTTTCTACT
A/Santiago/PUC-MVL_026/2017,AGCAAAAGCAGGGGATAATTCTATTAACC,GTGCATTAATTAAAAACACCCTTGTTTCTACT
A/Keelung/0091/2016,AGCAAAAGCAGGGGATAATTCTATTAACC,GTGCATTAATTAAAAACACCC
A/Linkou/0206/2017,AGCAAAAGCAGGGGATAATTCTATTAACC,GTGCATTAATTAAAAACACCC
A/Keelung/0161/2017,AGCAAAAGCAGGGGATAATTCTATTAACC,GTGCATTAATTAAAAACACCC
A/Linkou/0266/2017,AGCAAAAGCAGGGGATAATTCTATTAACC,GTGCATTAATTAAAAACACCC
A/Linkou/0186/2016,AGCAAAAGCAGGGGATAATTCTATTAACC,GTGCATTAATTAAAAACACCC
A/Linkou/0335/2017,AGCAAAAGCAGGGGATAATTCTATTAACC,GTGCATTAATTAAAAACACCC
A/MUWRP-Uganda/706/2017,AGCAAAAGCAGGGGATAATTCTATTAACC,GTGCATTAATTAAAAACACCCTTGTTTCTACT
A/MUWRP-Uganda/709/2017,AGCAAAAGCAGGGGATAATTCTATTAACC,GTGCATTAATTAAAAACACCCTTGTTTCTACT
A/Santiago/PUC-MVL_051/2017,AGCAAAAGCAGGGGATAATTCTATTAACC,GTGCATTAATTAAAAACACCCTTGTTTCTACT
A/Santiago/RMS_op013d0/2017,AGCAAAAGCAGGGGATAATTCTATTAACC,GTGCATTAATTAAAAACACCCTTGTTTCTACT
A/Santiago/p008d0/2017,AGCAAAAGCAGGGGATAATTCTATTAACC,GTGCATTAATTAAAAACACCCTTGTTTCTACT
A/Santiago/p025d0/2017,AGCAAAAGCAGGGGATAATTCTATTAACC,GTGCATTAATTAAAAACACCCTTGTTTCTACT
A/Santiago/PUC-MVL_022/2018,AGCAAAAGCAGGGGATAATTCTATTAACC,GTGCATTAATTAAAAACACCCTTGTTTCTACT
A/Santiago/p003d0/2018,AGCAAAAGCAGGGGATAATTCTATTAACC,GTGCATTAATTAAAAACACCCTTGTTTCTACT
A/Santiago/p016d0/2018,AGCAAAAGCAGGGGATAATTCTATTAACC,GTGCATTAATTAAAAACACCCTTGTTTCTACT
A/Santiago/PUC-MVL_003/2017,AGCAAAAGCAGGGGATAATTCTATTAACC,GTGCATTAATTAAAAACACCCTTGTTTCTACT
A/Keelung/0026/2016,AGCAAAAGCAGGGGATAATTCTATTAACC,GTGCATTAATTAAAAACACCC
A/Santiago/p027d0/2017,AGCAAAAGCAGGGGATAATTCTATTAACC,GTGCATTAATTAAAAACACCCTTGTTTCTACT
A/Santiago/p030d0/2017,AGCAAAAGCAGGGGATAATTCTATTAACC,GTGCATTAATTAAAAACACCCTTGTTTCTACT
A/Santiago/PUC-MVL_161/2017,AGCAAAAGCAGGGGATAATTCTATTAACC,GTGCATTAATTAAAAACACCCTTGTTTCTACT
A/Baltimore/0303/2017,AGCAAAAGCAGGGGATAATTCTATTAACC,GTGCATTAATTAAAAACACCC
A/Viamao/LACENRS-974/2015,AGCAAAAGCAGGGGATAATTCTATTAACC,GTGCATTAATTAAAAACACCCTTGTTTCTACT
A/CambaradoSul/LACENRS-1939/2015,AGCAAAAGCAGGGGATAATTCTATTAACC,GTGCATTAATTAAAAACACCCTTGTTTCTACT
A/PortoAlegre/LACENRS-846/2015,AGCAAAAGCAGGGGATAATTCTATTAACC,GTGCATTAATTAAAAACACCCTTGTTTCTACT
A/PortoAlegre/LACENRS-1887/2015,AGCAAAAGCAGGGGATAATTCTATTAACC,GTGCATTAATTAAAAACACCCTTGTTTCTACT
A/Pelotas/LACENRS-1787/2015,AGCAAAAGCAGGGGATAATTCTATTAACC,GTGCATTAATTAAAAACACCCTTGTTTCTACT
A/Canoas/LACENRS-1793/2015,AGCAAAAGCAGGGGATAATTCTATTAACC,GTGCATTAATTAAAAACACCCTTGTTTCTACT
A/Baltimore/0148/2016,AGCAAAAGCAGGGGATAATTCTATTAACC,GTGCATTAATTAAAAACACCC
A/MUWRP-Uganda/580/2016,AGCAAAAGCAGGGGATAATTCTATTAACC,GTGCATTAATTAAAAACACCCTTGTTTCTACT
A/MUWRP-Uganda/566/2015,AGCAAAAGCAGGGGATAATTCTATTAACC,GTGCGTTAATTAAAAACACCCTTGTTTCTACT
A/MUWRP-Uganda/579/2016,AGCAAAAGCAGGGGATAATTCTATTAACC,GTGCGTTAATTAAAAACACCCTTGTTTCTACT
A/Keelung/0023/2016,AGCAAAAGCAGGGGATAATTCTATTAACC,GTGCATTAATTAAAAACACCC
A/Gainesville/09/2016,AGCAAAAGCAGGGGATAATTTTATTAATC,GTGCATTAATTAAAAACACCCTTGTTTCTACT
A/Singapore/SGH_H/2015,AGCRAAAGCAGGGGATAATTCTATTAACC,GTGCATTAATTAAAAACACCCTTGTTTCTACT
A/CzechRepublic/26/2015,ATAATTCTATTAACC,GTGCATTAATT
A/CzechRepublic/44/2015,ATAATTCTATTAACC,GTGCATTAATT
A/CzechRepublic/42/2015,ATAATTCTATTAACC,GTGCATTAATT
A/CzechRepublic/43/2015,ATAATTCTATTAACC,GTGCATTAATT
A/Iran/ClinicalSample/2019,ATAATTCTATTAACC,
A/CzechRepublic/25/2015,ATAATTCTATTAACC,GTGCATTAATT
A/CzechRepublic/66/2015,ATAATTCTATTAACC,GTGCATTAATT
A/CzechRepublic/33/2015,ATAATTCTATTAACC,GTGCATTAATT
A/CzechRepublic/34/2015,ATAATTCTATTAACC,GTGCATTAATT
A/CzechRepublic/58/2015,ATAATTCTATTAACC,GTGCATTAATT
A/CzechRepublic/35/2015,ATAATTCTATTAACC,GTGCATTAATT
A/CzechRepublic/37/2015,ATAATTCTATTAACC,GTGCATTAATT
A/CzechRepublic/38/2015,ATAATTCTATTAACC,GTGTATTAATT
A/CzechRepublic/65/2015,ATAATTCTATTAACC,GTGCATTAATT
A/CzechRepublic/63/2015,ATAATTCTATTAACC,GTGCATTAATT
A/CzechRepublic/60/2015,ATAATTCTATTAACC,GTGCATTAATT
A/Alaska/31/2017,GGATAATTCTATTAACC,GTGCATTAATTAAAAACAC
A/Wisconsin/317/2017,GGATAATTCTATTAACC,GTGCATTAATTAAAAACAC
A/Alaska/55/2017,GGATAATTCTATTAACC,GTGCATTAATTAAAAACAC
A/SouthAustralia/266/2017,GGATAATTCTATTAACC,GTGCATTAATTAAAAACAC
A/SouthDakota/31/2017,GGATAATTCTATTAACC,GTGCATTAATTAAAAACAC
A/Sydney/195/2017,GGATAATTCTATTAACC,GTGCATTAATTAAAAACAC
A/Sydney/212/2017,GGATAATTCTATTAACC,GTGCATTAATTAAAAACAC
A/Sydney/554/2017,GGATAATTCTATTAACC,GTGCATTAATTAAAAACAC
A/Townsville/17/2017,GGATAATTCTATTAACC,GTGCATTAATTAAAAACAC
A/Sydney/706/2017,GGATAATTCTATTAACC,GTGCATTAATTAAAAACAC
A/Sydney/19/2018,GGATAATTCTATTAACC,GTGCATTAATTAAAAACAC
A/Hawaii/52/2017,GGATAATTCTATTAACC,GTGCATTAATTAAAAACAC
A/Brisbane/101/2017,GGATAATTCTATTAACC,GTGCATTAATTAAAAACAC
A/Newcastle/17/2017,GGATAATTCTATTAACC,GTGCATTAATTAAAAACAC
A/Brisbane/20/2017,GGATAATTCTATTAACC,GTGCATTAATTAAAAACAC
A/Sydney/18/2017,GGATAATTCTATTAACC,GTGCATTAATTAAAAACAC
A/Brisbane/290/2016,GGATAATTCTATTAACC,GTGCATTAATTAAAAACAC
A/Sydney/76/2017,GGATAATTCTATTAACC,GTGCATTAATTAAAAACAC
A/Victoria/600/2016,GGATAATTCTATTAACC,GTGCATTAATTAAAAACAC
A/Texas/55/2017,GGATAATTCTATTAACC,GTGCATTAATTAAAAACAC
A/Michigan/271/2017,GGATAATTCTATTAACC,GTGCATTAATTAAAAACAC
A/Ohio/33/2017,GGATAATTCTATTAACC,GTGCATTAATTAAAAACAC
A/Pennsylvania/262/2017,GGATAATTCTATTAACC,GTGCATTAATTAAAAACAC
A/Texas/279/2017,GGATAATTCTATTAACC,GTGCATTAATTAAAAACAC
A/Darwin/1005/2017,GGATAATTCTATTAACC,GTGCATTAATTAAAAACAC
A/Brisbane/324/2016,GGATAATTCTATTAACC,GTGCATTAATTAAAAACAC
A/Maryland/84/2017,GGATAATTCTATTAACC,GTGCATTAATTAAAAACAC
A/Ohio/32/2017,GGATAATTCTATTAACC,GTGCATTAATTAAAAACAC
A/Ohio/37/2017,GGATAATTCTATTAACC,GTGCATCAATTAAAAACAC
A/Texas/278/2017,GGATAATTCTATTAACC,GTGCATTAATTAAAAACAC
A/Canberra/3/2017,GGATAATTCTATTAACC,GTGCATTAATTAAAAACAC
A/Florida/95/2017,GGATAATTCTATTAACC,GTGCATTAATTAAAAACAC
A/Missouri/29/2017,GGATAATTCTATTAACC,GTGCATTAATTAAAAACAC
A/Brisbane/18/2017,GGATAATTCTATTAACC,GTGCATTAATTAAAAACAC
A/Brisbane/30/2017,GGATAATTCTATTAACC,GTGCATTAATTAAAAACAC
A/Texas/274/2017,GGATAATTCTATTAACC,GTGCATTAGTTAAAAACAC
A/Canberra/17/2017,GGATAATTCTATTAACC,GTGCATTAATTAAAAACAC
A/Victoria/510/2017,GGATAATTCTATTAACC,GTGCATTAATTAAAAACAC
A/Sydney/38/2017,GGATAATTCTATTAACC,GTGCATTAATTAAAAACAC
A/Sydney/229/2017,GGATAATTCTATTAACC,GTGCATTAATTAAAAACAC
A/Victoria/109/2017,GGATAATTCTATTAACC,GTGCATTAATTAAAAACAC
A/Newcastle/204/2017,GGATAATTCTATTAACC,GTGCATTAATTAAAAACAC
A/Sydney/233/2017,GGATAATTCTATTAACC,GTGCATTAATTAAAAACAC
A/SouthAustralia/264/2017,GGATAATTCTATTAACC,GTGCATTAATTAAAAACAC
A/Sydney/741/2017,GGATAATTCTATTAACC,GTGCATTAATTAAAAACAC
A/Sydney/206/2017,GGATAATTCTATTAACC,GTGCATTAATTAAAAACAC
A/Victoria/941/2017,GGATAATTCTATTAACC,GTGCATTAATTAAAAACAC
A/SouthAustralia/213/2017,GGATAATTCTATTAACC,GTGCATTAATTAAAAACAC
A/Victoria/567/2017,GGATAATTCTATTAACC,GTGCATTAATTAAAAACAC
A/Hawaii/31/2017,GGATAATTCTATTAACC,GTGCATTAATTAAAAACAC
A/Victoria/24/2017,GGATAATTCTATTAACC,GTGCATTAATTAAAAACAC
A/Sydney/199/2017,GGATAATTCTATTAACC,GTGCATTAATTAAAAACAC
A/Victoria/65/2017,GGATAATTCTATTAACC,GTGCATTAATTAAAAACAC
A/Victoria/2019/2017,GGATAATTCTATTAACC,GTGCATTAATTAAAAACAC
A/Alaska/126/2015,GGATAATTCTATTAACC,GTGCATTAATTAAAAACAC
A/Brisbane/127/2015,GGATAATTCTATTAACC,GTGCATTAATTAAAAACAC
A/Perth/31/2015,GGATAATTCTATTAACC,GTGCATTAATTAAAAACAC
A/Sydney/29/2015,GGATAATTCTATTAACC,GTGCATTAATTAAAAACAC
A/Brisbane/123/2015,GGATAATTCTATTAACC,GTGCATTAATTAAAAACAC
A/Victoria/23/2015,GGATAATTCTATTAACC,GTGCATTAATTAAAAACAC
A/Michigan/66/2015,GGATAATTCTATTAACC,GTGCATTAATTAAAAACAC
A/California/126/2015,GGATAATTCTATTAACC,GTGCATTAATTAAAAACAC
A/Arizona/29/2015,GGATAATTCTATTAACC,GTGCATTAATTAAAAACAC
A/Brisbane/107/2015,GGATAATTCTATTAACC,GTGCATTAATTAAAAACAC
A/Vermont/01/2016,GGATAATTCTATTAACC,GTGCATTGATTAAAAACAC
A/Victoria/455/2015,GGATAATTCTATTAACC,GTGCATTAATTAAAAACAC
A/Brisbane/12/2015,GGATAATTCTATTAACC,GTGCATTAATTAAAAACAC
A/Brisbane/20/2015,GGATAATTCTATTAACC,GTGCATTAATTAAAAACAC
A/Victoria/3011/2015,GGATAATTCTATTAACC,GTGCATTAATTAAAAACAC
A/Townsville/1001/2015,GGATAATTCTATTAACC,GTGCATTAATTAAAAACAC
A/Sydney/1005/2015,GGATAATTCTATTAACC,GTGCATTAATTAAAAACAC
A/Sydney/1030/2015,GGATAATTCTATTAACC,GTGCATTAATTAAAAACAC
A/Sydney/1013/2015,GGATAATTCTATTAACC,GTGCATTAATTAAAAACAC
A/California/106/2015,GGATAATTCTATTAACC,GTGCATTAATTAAAAACAC
A/NewYork/WC-LVD-15-011/2015,GGATAATTCTATTAACC,GTGCATTAATTAAAAACAC
A/SouthAustralia/33/2015,GGATAATTCTATTAACC,GTGCATTAATTAAAAACAC
A/SouthAustralia/34/2015,GGATAATTCTATTAACC,GTGCATTAATTAAAAACAC
A/Brisbane/102/2015,GGATAATTCTATTAACC,GTGCATTAATTAAAAACAC
A/Brisbane/128/2015,GGATAATTCTATTAACC,GTGCATTAATTAAAAACAC
A/SouthAustralia/61/2015,GGATAATTCTATTAACC,GTGCATTAATTAAAAACAC
A/Sydney/44/2015,GGATAATTCTATTAACC,GTGCATTAATTAAAAACAC
A/Brisbane/183/2015,GGATAATTCTATTAACC,GTGCATTAATTAAAAACAC
A/Brisbane/79/2015,GGATAATTCTATTAACC,GTGCATTAATTAAAAACAC
A/Sydney/248/2015,GGATAATTCTATTAACC,GTGCATTAATTAAAAACAC
A/Victoria/3071/2015,GGATAATTCTATTAACC,GTGCATTAATTAAAAACAC
A/Brisbane/195/2015,GGATAATTCTATTAACC,GTGCATTAACTAAAAACAC
A/Perth/61/2015,GGATAATTCTATTAACC,GTGCATTAATTAAAAACAC
A/Perth/62/2015,GGATAATTCTATTAACC,GTGCATTAATTAAAAACAC
A/SouthAustralia/146/2015,GGATAATTCTATTAACC,GTGCATTAATTAAAAACAC
A/Colorado/19/2015,GGATAATTCTATTAACC,GTGCATTAATTAAAAACAC
A/NewYork/78/2016,GGATAATTCTATTAACC,GTGAATTAATTAAAAACAC
A/Brisbane/30/2016,GGATAATTCTATTAACC,GTGCATTAATTAAAAACAC
A/NewHampshire/03/2016,GGATAATTCTATTAACC,GTGCATTAATTAAAAACAC
A/California/36/2016,GGATAATTCTATTAACC,GTGCATTAATTAAAAACAC
A/Kenya/023/2016,GGATAATTCTATTAACC,GTGCATTAATTAAAAACAC
A/Nebraska/20/2016,GGATAATTCTATTAACC,GTGCATTAATTAAAAACAC
A/Virginia/27/2016,GGATAATTCTATTAACC,GTGCATTAATTAAAAACAC
A/Alaska/131/2015,GGATAATTCTATTAACC,GTGCATTAATTAAAAACAC
A/Sydney/4/2015,GGATAATTCTATTAACC,GTGCATTAATTAAAAACAC
A/Sydney/500/2015,GGATAATTCTATTAACC,GTGCATTAATTAAAAACAC
A/Victoria/509/2015,GGATAATTCTATTAACC,GTGCATTAATTAAAAACAC
A/Brisbane/188/2015,GGATAATTCTATTAACC,GTGCATTAATTAAAAACAC
A/Perth/40/2015,GGATAATTCTATTAACC,GTGCATTAATTAAAAACAC
A/Tasmania/2/2015,GGATAATTCTATTAACC,GTACATTAATTAAAAACAC
A/Townsville/8/2015,GGATAATTCTATTAACC,GTGCATTAATTAAAAACAC
A/Victoria/901/2015,GGATAATTCTATTAACC,GTGCATTAATTAAAAACAC
A/Brisbane/179/2015,GGATAATTCTATTAACC,GTGCATTAATTAAAAACAC
A/SouthAustralia/1014/2015,GGATAATTCTATTAACC,GTGCATTAATTAAAAACAC
A/SouthAustralia/163/2015,GGATAATTCTATTAACC,GTGCATTAATTAAAAACAC
A/Victoria/7/2015,GGATAATTCTATTAACC,GTGCATTAATTAAAAACAC
A/Victoria/5/2015,GGATAATTCTATTAACC,GTGCATTAATTAAAAACAC
A/SouthAustralia/166/2015,GGATAATTCTATTAACC,GTGCATTAATTAAAAACAC
A/Victoria/3085/2015,GGATAATTCTATTAACC,GTGCATTAATTAAAAACAC
A/Darwin/1000/2015,GGATAATTCTATTAACC,GTGCATTAATTAAAAACAC
A/SouthAustralia/79/2015,GGATAATTCTATTAACC,GTGCATTAATTAAAAACAC
A/Victoria/55/2015,GGATAATTCTATTAACC,GTGCATTAATTAAAAACAC
A/Canberra/13/2015,GGATAATTCTATTAACC,GTGCATTAATTAAAAACAC
A/Sydney/10/2015,GGATAATTCTATTAACC,GTGCATTAATTAAAAACAC
A/California/131/2015,GGATAATTCTATTAACC,GTGCATTAATTAAAAACAC
A/Pennsylvania/41/2016,GGATAATTCTATTAACC,GTGCATTAATTAAAAACAC
A/SouthDakota/01/2016,GGATAATTCTATTAACC,GTGCATTAATTAAAAACAC
A/California/113/2015,GGATAATTCTATTAACC,GTGCATTAATTAAAAACAC
A/California/119/2015,GGATAATTCTATTAACC,GTGCATTAATTAAAAACAC
A/California/63/2016,GGATAATTCTATTAACC,GTGCATTAATTAAAAACAC
A/Illinois/12/2016,GGATAATTCTATTAACC,GTGCATTAATTAAAAACAC
A/Alaska/183/2015,GGATAATTCTATTAACC,GTGCATTAATTAAAAACAC
A/Tasmania/1007/2015,GGATAATTCTATTAACC,GTGCATTAATTAAAAACAC
A/Canberra/8/2015,GGATAATTCTATTAACC,GTGCATTAATTAAAAACAC
A/Perth/36/2015,GGATAATTCTATTAACC,GTGCATTAATTAAAAACAC
A/SouthAustralia/16/2015,GGATAATTCTATTAACC,GTGCATTAATTAAAAACAC
A/Washington/45/2015,GGATAATTCTATTAACC,GTGCATTAATTAAAAACAC
A/Perth/33/2015,GGATAATTCTATTAACC,GTGCATTAATTAAAAACAC
A/SouthAustralia/41/2015,GGATAATTCTATTAACC,GTGCATTAATTAAAAACAC
A/SouthAustralia/12/2015,GGATAATTCTATTAACC,GTGCATTAATTAAAAACAC
A/SouthAustralia/1006/2015,GGATAATTCTATTAACC,GTGCATTAATTAAAAACAC
A/Victoria/24/2015,GGATAATTCTATTAACC,GTGCATTAATTAAAAACAC
A/Alaska/269/2015,GGATAATTCTATTAACC,GTGCATTAATTAAAAACAC
A/SouthAustralia/132/2015,GGATAATTCTATTAACC,GTGCATTAATTAAAAACAC
A/Victoria/522/2015,GGATAATTCTATTAACC,GTGCATTAATTAAAAACAC
A/Victoria/538/2015,GGATAATTCTATTAACC,GTGCATTAATTAAAAACAC
A/Tasmania/7/2015,GGATAATTCTATTAACC,GTGCATTAATTAAAAACAC
A/Brisbane/40/2015,GGATAATTCTATTAACC,GTGCGTTAATTAAAAACAC
A/Arizona/44/2015,GGATAATTCTATTAACC,GTGCATTAATTAAAAACAC
A/Colorado/04/2016,GGATAATTCTATTAACC,GTGCATTAATTAAAAACAC
A/Victoria/52/2015,GGATAATTCTATTAACC,GTGCATTAATTAAAAACAC
A/Sydney/9/2016,GGATAATTCTATTAACC,GTGCATTAATTAAAAACAC
A/Perth/26/2015,GGATAATTCTATTAACC,GTGCATTAATTAAAAACAC
A/Sydney/5/2015,GGATAATTCTATTAACC,GTGCATTAATTAAAAACAC
A/SouthAustralia/9/2015,GGATAATTCTATTAACC,GTGCATTAATTAAAAACAC
A/Perth/43/2015,GGATAATTCTATTAACC,GTGCATTAATTAAAAACAC
A/Brisbane/1008/2016,GGATAATTCTATTAACC,GTGCATTAATTAAAAACAC
A/Brisbane/68/2016,GGATAATTCTATTAACC,GTGCATTAATTAAAAACAC
A/Florida/97/2015,GGATAATTCTATTAACC,GTGCATTAATTAAAAACAC
A/SouthAustralia/27/2016,GGATAATTCTATTAACC,GTGCATTAATTAAAAACAC
A/Brisbane/43/2015,GGATAATTCTATTAACC,GTGCATTAATTAAAAACAC
A/Brisbane/80/2015,GGATAATTCTATTAACC,GTGCATTAATTAAAAACAC
A/Perth/39/2015,GGATAATTCTATTAACC,GTGCATTAATTAAAAACAC
A/Brisbane/71/2015,GGATAATTCTATTAACC,GTGCATTAATTAAAAACAC
A/SouthAustralia/37/2015,GGATAATTCTATTAACC,GTGCATTAATTAAAAACAC
A/Florida/98/2015,GGATAATTCTATTAACC,GTGCATTAATTAAAAACAC
A/Victoria/3079/2015,GGATAATTCTATTAACC,GTGCATTAATTAAAAACAC
A/Victoria/862/2015,GGATAATTCTATTAACC,GTGCATTAATTAAAAACAC
A/Victoria/43/2015,GGATAATTCTATTAACC,GTGCATTAATTAAAAACAC
A/Townsville/37/2015,GGATAATTCTATTAACC,GTGCATTAATTAAAAACAC
A/Kenya/014/2016,GGATAATTCTATTAACC,GTGCATTAATTAAAAACAC
A/Victoria/640/2015,GGATAATTCTATTAACC,GTGCATTAATTAAAAACAC
A/Perth/15/2015,GGATAATTCTATTAACC,GTGCATTAATTAAAAACAC
A/Sydney/57/2015,GGATAATTCTATTAACC,GTGCATTAATTAAAAACAC
A/SouthAustralia/29/2016,GGATAATTCTATTAACC,GTGCATTAATTAAAAACAC
A/Sydney/1006/2015,GGATAATTCTATTAACC,GTGCATTAATTAAAAACAC
A/Sydney/1020/2015,GGATAATTCTATTAACC,GTGCATTAATTAAAAACAC
A/Florida/01/2016,GGATAATTCTATTAACC,GTGCATTAATTAAAAACAC
A/SouthAustralia/31/2016,GGATAATTCTATTAACC,GTGCATTAATTAAAAACAC
A/Victoria/48/2015,GGATAATTCTATTAACC,GTGCATTAATTAAAAACAC
A/Alabama/09/2018,GGATAATTCTATTAACC,GTGCATTAATTAAAAACAC
A/Alaska/46/2018,GGATAATTCTATTAACC,GTGCATTAATTAAAAACAC
A/Brisbane/10/2018,GGATAATTCTATTAACC,GTGCATTAATTAAAAACAC
A/Brisbane/27/2018,GGATAATTCTATTAACC,GTGCATTAATTAAAAACAC
A/SouthDakota/32/2017,GGATAATTCTATTAACC,GTGCATTAATTAAAAACAC
A/Hawaii/23/2018,GGATAATTCTATTAACC,GTGCATTAATTAAAAACAC
A/NewJersey/30/2018,GGATAATTCTATTAACC,GTGCATTAATTAAAAACAC
A/Newcastle/22/2018,GGATAATTCTATTAACC,GTGCATTAATTAAAAACAC
A/Wisconsin/334/2017,GGATAATTCTATTAACC,GTGCATTAATTAAAAACAC
A/Brisbane/23/2018,GGATAATTCTATTAACC,GTGCATTAATTAAAAACAC
A/Canberra/3/2018,GGATAATTCTATTAACC,GTGCATTAATTAAAAACAC
A/Florida/53/2018,GGATAATTCTATTAACC,GTGCATTAATTAAAAACAC
A/NewYork/34/2018,GGATAATTCTATTAACC,GTGCATTAATTAAAAACAC
A/Newcastle/7/2018,GGATAATTCTATTAACC,GTGCATTAATTAAAAACAC
A/NorthDakota/18/2018,GGATAATTCTATTAACC,GTGCATTAATTAAAAACAC
A/Maryland/36/2018,GGATAATTCTATTAACC,GTGCATTAATTAAAAACAC
A/WestVirginia/09/2018,GGATAATTCTATTAACC,GTGCATTAATTAAAAACAC
A/SouthAustralia/144/2018,GGATAATTCTATTAACC,GTGCATTAATTAAAAACAC
A/SouthAustralia/86/2018,GGATAATTCTATTAACC,GTGCATTAATTAAAAACAC
A/SouthAustralia/93/2018,GGATAATTCTATTAACC,GTGCATTAATTAAAAACAC
A/Victoria/2036/2018,GGATAATTCTATTAACC,GTGCATTAATTAAAAACAC
A/Victoria/901/2018,GGATAATTCTATTAACC,GTGCATTAATTAAAAACAC
A/Newcastle/67/2018,GGATAATTCTATTAACC,GTGCATTAATTAAAAACAC
A/Victoria/2079/2018,GGATAATTCTATTAACC,GTGCATTAATTAAAAACAC
A/Alaska/60/2017,GGATAATTCTATTAACC,GTGCATTAATTAAAAACAC
A/Michigan/295/2017,GGATAATTCTATTAACC,GTGCATTAATTAAAAACAC
A/California/89/2017,GGATAATTCTATTAACC,GTGCATTAATTAAAAACAC
A/Montana/13/2018,GGATAATTCTATTAACC,GTGCATTAATTAAAAACAC
A/Pennsylvania/259/2017,GGATAATTCTATTAACC,GTGCATTAATTAAAAACAC
A/Delaware/46/2017,GGATAATTCTATTAACC,GTGCATTAATTAAAAACAC
A/Washington/297/2017,GGATAATTCTATTAACC,GTGCATTAATTAAAAACAC
A/Georgia/12/2017,GGATAATTCTATTAACC,GTGCATTAATTAAAAACAC
A/Texas/284/2017,GGATAATTCTATTAACC,GTGCATTAATTAAAAACAC
A/SouthAustralia/11/2018,GGATAATTCTATTAACC,GTGCATTAATTAAAAACAC
A/Sydney/515/2018,GGATAATTCTATTAACC,GTGCATTAATTAAAAACAC
A/Sydney/92/2018,GGATAATTCTATTAACC,GTGCATTAATTAAAAACAC
A/Washington/298/2017,GGATAATTCTATTAACC,GTGCATTAATTAAAAACAC
A/Michigan/289/2017,GGATAATTCTATTAACC,GTGCATTAATTAAAAACAC
A/Nicaragua/2010_03/2017,GGATAATTCTATTAACC,GTGCATTAATTAAAAACAC
A/Tennessee/57/2017,GGATAATTCTATTAACC,GTGCATTAATTAAAAACAC
A/Montana/20/2017,GGATAATTCTATTAACC,GTGCATTAATTAAAAACAC
A/Minnesota/39/2017,GGATAATTCTATTAACC,GTGCATTAATTAAAAACAC
A/Arkansas/34/2017,GGATAATTCTATTAACC,GTGCATTAATTAAAAACAC
A/Florida/62/2018,GGATAATTCTATTAACC,GTGCATTAATTAAAAACAC
A/Brisbane/55/2018,GGATAATTCTATTAACC,GTGCATTAATTAAAAACAC
A/Florida/16/2018,GGATAATTCTATTAACC,GTGCATTAATTAAAAACAC
A/Hawaii/65/2018,GGATAATTCTATTAACC,GTGCATTAATTAAAAACAC
A/Montana/38/2018,GGATAATTCTATTAACC,GTGCATTAATTAAAAACAC
A/Sydney/1038/2018,GGATAATTCTATTAACC,GTGCATTAATTAAAAACAC
A/Washington/180/2018,GGATAATTCTATTAACC,GTGCATTAATTAAAAACAC
A/Wisconsin/497/2018,GGATAATTCTATTAACC,GTGCATTAATTAAAAACAC
A/Washington/186/2018,GGATAATTCTATTAACC,GTGCATTAATTAAAAACAC
A/Brisbane/57/2018,GGATAATTCTATTAACC,GTGCATTAATTAAAAACAC
A/Brisbane/36/2018,GGATAATTCTATTAACC,GTGCATTAATTAAAAACAC
A/Brisbane/19/2018,GGATAATTCTATTAACC,GTGCATTAATTAAAAACAC
A/Brisbane/40/2018,GGATAATTCTATTAACC,GTGCATTAGTTAAAAACAC
A/Michigan/77/2018,GGATAATTCTATTAACC,GTGCATTAATTAAAAACAC
A/Sydney/11/2018,GGATAATTCTATTAACC,GTGCATTAATTAAAAACAC
A/Florida/24/2018,GGATAATTCTATTAACC,GTGCATTAATTAAAAACAC
A/NewYork/27/2018,GGATAATTCTATTAACC,GTGCATTAATTAAAAACAC
A/Newcastle/20/2018,GGATAATTCTATTAACC,GTGCATTGATTAAAAACAC
A/SouthAustralia/5/2018,GGATAATTCTATTAACC,GTGCATTAATTAAAAACAC
A/Victoria/2020/2018,GGATAATTCTATTAACC,GTGCATTAATTAAAAACAC
A/Brisbane/17/2018,GGATAATTCTATTAACC,GTGCATTAATTAAAAACAC
A/Florida/55/2018,GGATAATTCTATTAACC,GTGCATTAATTAAAAACAC
A/Alaska/43/2018,GGATAATTCTATTAACC,GTGCATTAATTAAAAACAC
A/Newcastle/11/2018,GGATAATTCTATTAACC,GTGCATTAATTAAAAACAC
A/Colorado/09/2018,GGATAATTCTATTAACC,GTGCATTAATTAAAAACAC
A/Hawaii/43/2018,GGATAATTCTATTAACC,GTGCATTAATTAAAAACAC
A/Perth/43/2018,GGATAATTCTATTAACC,GTGCATTAATTAAAAACAC
A/Connecticut/32/2018,GGATAATTCTATTAACC,GTGCATTAATTAAAAACAC
A/Brisbane/164/2017,GGATAATTCTATTAACC,GTGCATTAATTAAAAACAC
A/Montana/22/2017,GGATAATTCTATTAACC,GTGCATTAATTAAAAACAC
A/California/72/2017,GGATAATTCTATTAACC,GTGCATTAATTAAAAACAC
A/SouthAustralia/13/2018,GGATAATTCTATTAACC,GTGCATTAATTAAAAACAC
A/Sydney/25/2018,GGATAATTCTATTAACC,GTGCATTAATTAAAAACAC
A/Sydney/529/2018,GGATAATTCTATTAACC,GTGCATTAATTAAAAACAC
A/Newcastle/21/2018,GGATAATTCTATTAACC,GTGCATTAATTAAAAACAC
A/Sydney/55/2018,GGATAATTCTATTAACC,GTGCATTAATTAAAAACAC
A/Victoria/713/2018,GGATAATTCTATTAACC,GTGCATTAATTAAAAACAC
A/Sydney/93/2018,GGATAATTCTATTAACC,GTGCATTAATTAAAAACAC
A/Sydney/47/2018,GGATAATTCTATTAACC,GTGCATTAATTAAAAACAC
A/SouthAustralia/97/2018,GGATAATTCTATTAACC,GTGCATTAATTAAAAACAC
A/Sydney/83/2018,GGATAATTCTATTAACC,GTGCATTAATTAAAAACAC
A/Brisbane/1000/2018,GGATAATTCTATTAACC,GTGCATTAATTAAAAACAC
A/Nevada/31/2017,GGATAATTCTATTAACC,GTGCATTAATTAAAAACAC
A/Brisbane/54/2018,GGATAATTCTATTAACC,GTGCATTAATTAAAAACAC
A/Indiana/35/2017,GGATAATTCTATTAACC,GTGCATTAATTAAAAACAC
A/Kentucky/17/2018,GGATAATTCTATTAACC,GTGCATTAATTAAAAACAC
A/Missouri/26/2018,GGATAATTCTATTAACC,GTGCATTAATTAAAAACAC
A/Indiana/28/2018,GGATAATTCTATTAACC,GTGCATTAATTAAAAACAC
A/Perth/341/2017,GGATAATTCTATTAACC,GTGCATTAATTAAAAACAC
A/Colorado/18/2017,GGATAATTCTATTAACC,GTGCATTAATTAAAAACAC
A/Utah/38/2017,GGATAATTCTATTAACC,GTGCATTAATTAAAAACAC
A/Montana/36/2017,GGATAATTCTATTAACC,GTTCATTAATTAAAAACAC
A/Brisbane/32/2018,GGATAATTCTATTAACC,GTGCATTAATTAAAAACAC
A/Canberra/9/2018,GGATAATTCTATTAACC,GTGCATTAATTAAAAACAC
A/NewJersey/35/2018,GGATAATTCTATTAACC,GTGCATTAATTAAAAACAC
A/Sydney/68/2018,GGATAATTCTATTAACC,GTGCATTAATTAAAAACAC
A/Arizona/37/2018,GGATAATTCTATTAACC,GTGCATTAATTAAAAACAC
A/NorthDakota/05/2018,GGATAATTCTATTAACC,GTGCATTAATTAAAAACAC
A/Sydney/734/2017,GGATAATTCTATTAACC,GTGCATTAATTAAAAACAC
A/Hawaii/45/2018,GGATAATTCTATTAACC,GTGCATTAATTAAAAACAC
A/SouthAustralia/50/2018,GGATAATTCTATTAACC,GTGCATTAATTAAAAACAC
A/NewJersey/38/2018,GGATAATTCTATTAACC,GTGCATTAATTAAAAACAC
A/Arizona/45/2017,GGATAATTCTATTAACC,GTGCATTAATTAAAAACAC
A/Brisbane/1101/2017,GGATAATTCTATTAACC,GTGCATTAATTAAAAACAC
A/Brisbane/45/2018,GGATAATTCTATTAACC,GTGCATTAATTAAAAACAC
A/SouthAustralia/172/2016,GGATAATTCTATTAACC,GTGCATTAATTAAAAACAC
A/Sydney/40/2017,GGATAATTCTATTAACC,GTGCATTAATTAAAAACAC
A/Iowa/33/2016,GGATAATTCTATTAACC,GTGCATTAATTAAAAACAC
A/Iowa/35/2016,GGATAATTCTATTAACC,GTGCATTAATTAAAAACAC
A/Victoria/668/2016,GGATAATTCTATTAACC,GTGCATTAATTAAAAACAC
A/Arkansas/20/2017,GGATAATTCTATTAACC,GTGCATTAATTAAAAACAC
A/Iowa/19/2017,GGATAATTCTATTAACC,GTGCATTAATTAAAAACAC
A/Sydney/35/2017,GGATAATTCTATTAACC,GTGCATTAATTAAAAACAC
A/Massachusetts/39/2016,GGATAATTCTATTAACC,GTGCATTAATTAAAAACAC
A/NewHampshire/24/2016,GGATAATTCTATTAACC,GTGCATTAATTAAAAACAC
A/NewHampshire/25/2016,GGATAATTCTATTAACC,GTGCATTAATTAAAAACAC
A/Sydney/36/2017,GGATAATTCTATTAACC,GTGCATTAATTAAAAACAC
A/California/63/2017,GGATAATTCTATTAACC,GTGCATTAATTAAAAACAC
A/Nicaragua/7333_07/2017,GGATAATTCTATTAACC,GTGCATTAATTAAAAACAC
A/Nicaragua/7577_11/2017,GGATAATTCTATTAACC,GTGCATTAATTAAAAACAC
A/Nicaragua/8539_09/2017,GGATAATTCTATTAACC,GTGCATTAATTAAAAACAC
A/Texas/05/2018,GGATAATTCTATTAACC,GTGCATTAATTAAAAACAC
A/Nebraska/08/2018,GGATAATTCTATTAACC,GTGCATTAATTAAAAACAC
A/Ohio/22/2018,GGATAATTCTATTAACC,GTGCATTAATTAAAAACAC
A/Nebraska/15/2017,GGATAATTCTATTAACC,GTGCATTAATTAAAAACAC
A/Nicaragua/6245_07/2017,GGATAATTCTATTAACC,GTGCATTAATTAAAAACAC
A/Nicaragua/6796_14/2017,GGATAATTCTATTAACC,GTGCATTAATTAAAAACAC
A/Nicaragua/8899_11/2017,GGATAATTCTATTAACC,GTGCATTAATTAAAAACAC
A/Nicaragua/9707_02/2017,GGATAATTCTATTAACC,GTGCATTAATTAAAAACAC
A/Nicaragua/6186_07/2017,GGATAATTCTATTAACC,GTGCATTAATTAAAAACAC
A/Maine/18/2018,GGATAATTCTATTAACC,GTGCATTAATTAAAAACAC
A/Nicaragua/9379_04/2017,GGATAATTCTATTAACC,GTGCATTAATTAAAAACAC
A/Nicaragua/9537_03/2017,GGATAATTCTATTAACC,GTGCATTAATTAAAAACAC
A/Nicaragua/9872_01/2017,GGATAATTCTATTAACC,GTGCATTAATTAAAAACAC
A/SouthAustralia/10/2018,GGATAATTCTATTAACC,GTGCATTAATTAAAAACAC
A/Nicaragua/4992_03/2017,GGATAATTCTATTAACC,GTGCATTAATTAAAAACAC
A/Nicaragua/5935_13/2017,GGATAATTCTATTAACC,GTGCATTAATTAAAAACAC
A/Nicaragua/6850_13/2017,GGATAATTCTATTAACC,GTGCATTAATTAAAAACAC
A/Nicaragua/7859_01/2017,GGATAATTCTATTAACC,GTGCATTAATTAAAAACAC
A/Nicaragua/9530_07/2017,GGATAATTCTATTAACC,GTGCATTAATTAAAAACAC
A/Nicaragua/8714_08/2017,GGATAATTCTATTAACC,GTGCATTAATTAAAAACAC
A/Nicaragua/6268_15/2017,GGATAATTCTATTAACC,GTGCATTAATTAAAAACAC
A/Utah/31/2017,GGATAATTCTATTAACC,GTGCATTAATTAAAAACAC
A/Tasmania/43/2017,GGATAATTCTATTAACC,GTGCATTAATTAAAAACAC
A/SouthAustralia/29/2017,GGATAATTCTATTAACC,GTGCATTAATTAAAAACAC
A/Wyoming/01/2017,GGATAATTCTATTAACC,GTGCATTAATTAAAAACAC
A/Brisbane/3/2017,GGATAATTCTATTAACC,GTGCATTAATTAAAAACAC
A/Oklahoma/34/2017,GGATAATTCTATTAACC,GTGCATTAATTAAAAACAC
A/Brisbane/273/2016,GGATAATTCTATTAACC,GTGCATTAATTAAAAACAC
A/Nicaragua/7598_05/2017,GGATAATTCTATTAACC,GTGCATTAATTAAAAACACC
A/Brisbane/73/2018,GGATAATTCTATTAACC,GTGCATTAATTAAAAACAC
A/Brisbane/85/2018,GGATAATTCTATTAACC,GTGCATTAATTAAAAACAC
A/Brisbane/89/2018,GGATAATTCTATTAACC,GTGCATTAATTAAAAACAC
A/California/154/2017,GGATAATTCTATTAACC,GTGCATTAATTAAAAACAC
A/Nicaragua/5325_06/2017,GGATAATTCTATTAACC,GTGCATTAATTAAAAACAC
A/Connecticut/25/2018,GGATAATTCTATTAACC,GTGCATTAATTAAAAACAC
A/Michigan/408/2018,GGATAATTCTATTAACC,GTGCATTAATTAAAAACAC
A/Newcastle/14/2018,GGATAATTCTATTAACC,GTGCATTGATTAAAAACAC
A/SouthAustralia/225/2017,GGATAATTCTATTAACC,GTGCATTAATTAAAAACAC
A/Sydney/3/2018,GGATAATTCTATTAACC,GTGCATTAATTAAAAACAC
A/Florida/96/2018,GGATAATTCTATTAACC,GTGCATTAATTAAAAACAC
A/NewYork/61/2018,GGATAATTCTATTAACC,GTGCATTAATTAAAAACAC
A/Iowa/62/2018,GGATAATTCTATTAACC,GTGCATTAATTAAAAACAC
A/SouthAustralia/80/2018,GGATAATTCTATTAACC,GTGCATTAATTAAAAACAC
A/Alabama/21/2017,GGATAATTCTATTAACC,GTGCATTAATTAAAAACAC
A/Wisconsin/15/2017,GGATAATTCTATTAACC,GTGCATTAATTAAAAACAC
A/Arizona/24/2017,GGATAATTCTATTAACC,GTGCATTAATTAAAAACAC
A/Florida/05/2017,GGATAATTCTATTAACC,GTGCATTAATCAAAAACAC
A/Arizona/35/2017,GGATAATTCTATTAACC,GTGCATTAATTAAAAACAC
A/Sydney/37/2017,GGATAATTCTATTAACC,GTGCATTAATTAAAAACAC
A/Arizona/25/2017,GGATAATTCTATTAACC,GTGCATTAATTAAAAACAC
A/Virginia/11/2017,GGATAATTCTATTAACC,GTGCATTAATTAAAAACAC
A/Tasmania/41/2017,GGATAATTCTATTAACC,ATGCATTAATTAAAAACAC
A/Connecticut/19/2017,GGATAATTCTATTAACC,GTGCATTAATTAAAAACAC
A/Brisbane/1004/2016,GGATAATTCTATTAACC,GTGCATTAATTAAAAACAC
A/Newcastle/1000/2016,GGATAATTCTATTAACC,GTGCATTAATTAAAAACAC
A/Newcastle/30/2016,GGATAATTCTATTAACC,GTGCATTAATTAAAAACAC
A/California/150/2016,GGATAATTCTATTAACC,GTGCATTAATTAAAAACAC
A/Sydney/11/2017,GGATAATTCTATTAACC,GTGCATTAATTAAAAACAC
A/Sydney/129/2016,GGATAATTCTATTAACC,GTGCATTAATTAAAAACAC
A/Kenya/015/2016,GGATAATTCTATTAACC,GTGCATTAATTAAAAACAC
A/Pennsylvania/50/2015,GGATAATTCTATTAACC,GTGCATTAATTAAAAACAC
A/Montana/46/2016,GGATAATTCTATTAACC,GTGCATTAATTAAAAACAC
A/Vermont/27/2016,GGATAATTCTATTAACC,GTGCATTAATTAAAAACAC
A/Wisconsin/84/2016,GGATAATTCTATTAACC,GTGCATTAATTAAAAACAC
A/Florida/92/2016,GGATAATTCTATTAACC,GTGCATTAATTAAAAACAC
A/Sydney/80/2016,GGATAATTCTATTAACC,GTGCATTAATTAAAAACAC
A/Wisconsin/72/2016,GGATAATTCTATTAACC,GTGCATTAATTAAAAACAC
A/Hawaii/59/2016,GGATAATTCTATTAACC,GTGCATTAATTAAAAACAC
A/Nicaragua/0645_06/2016,GGATAATTCTATTAACC,GTGCATTAATTAAAAACAC
A/Nicaragua/6487_12/2016,GGATAATTCTATTAACC,GTGCATTAATTAAAAACAC
A/Nicaragua/6893_05/2016,GGATAATTCTATTAACC,GTGCATTAATTAAAAACAC
A/Nicaragua/8605_19/2016,GGATAATTCTATTAACC,GTGCATTAATTAAAAACAC
A/Nicaragua/9094_05/2016,GGATAATTCTATTAACC,GTGCATTAATTAAAAACAC
A/Nicaragua/4340_06/2016,GGATAATTCTATTAACC,GTGCATTAATTAAAAACAC
A/Nicaragua/8771_02/2016,GGATAATTCTATTAACC,GTGCATTAATTAAAAACAC
A/Nicaragua/8647_08/2016,GGATAATTCTATTAACC,GTGCATTGATTAAAAACAC
A/Nicaragua/9503_01/2016,GGATAATTCTATTAACC,GTGCATTGATTAAAAACAC
A/Nicaragua/5307_03/2016,GGATAATTCTATTAACC,GTGCATTAATTAAAAACAC
A/Nicaragua/7718_04/2016,GGATAATTCTATTAACC,GTGCATTAATTAAAAACAC
A/Nicaragua/8744_07/2016,GGATAATTCTATTAACC,GTGCATTAATTAAAAACAC
A/Nicaragua/9083_05/2016,GGATAATTCTATTAACC,GTGCATTAATTAAAAACAC
A/Nicaragua/9290_01/2016,GGATAATTCTATTAACC,GTGCATTAATTAAAAACAC
A/Nicaragua/IIIn_16_0266_01NT/2016,GGATAATTCTATTAACC,GTGCATTAATTAAAAACAC
A/Nicaragua/5660_06/2016,GGATAATTCTATTAACC,GTGCATTAATTAAAAACAC
A/Nicaragua/7056_03/2016,GGATAATTCTATTAACC,GTGCATTAATTAAAAACAC
A/Nicaragua/9073_02/2016,GGATAATTCTATTAACC,GTGCATTAATTAAAAACAC
A/Nicaragua/8031_10/2016,GGATAATTCTATTAACC,GTGCATTAATTAAAAACAC
A/Nicaragua/7943_11/2016,GGATAATTCTATTAACC,GTGCATTAATTAAAAACAC
A/Hawaii/94/2016,GGATAATTCTATTAACC,GTGCATTAATTAAAAACAC
A/SouthAustralia/55/2016,GGATAATTCTATTAACC,GTGCATTAATTAAAAACAC
A/SouthAustralia/62/2016,GGATAATTCTATTAACC,GTGCATTAATTAAAAACAC
A/Iowa/22/2016,GGATAATTCTATTAACC,GTGCATTAATTAAAAACAC
A/Tasmania/213/2016,GGATAATTCTATTAACC,GTGCATTAATTAAAAACAC
A/Sydney/1092/2016,GGATAATTCTATTAACC,GTGCATTAATTAAAAACAC
A/Utah/41/2016,GGATAATTCTATTAACC,GTGCATTAATTAAAAACAC
A/Sydney/33/2017,GGATAATTCTATTAACC,GTGCATTAATTAAAAACAC
A/Victoria/542/2016,GGATAATTCTATTAACC,GTGCATTAATTAAAAACAC
A/Brisbane/197/2015,GGATAATTCTATTAACC,GTGCATTAATTAAAAACAC
A/Brisbane/300/2016,GGATAATTCTATTAACC,GTGCATTAATTAAAAACAC
A/RhodeIsland/28/2016,GGATAATTCTATTAACC,GTGCATTAATTAAAAACAC
A/SouthAustralia/117/2016,GGATAATTCTATTAACC,GTGCATTAATTAAAAACAC
A/Tasmania/24/2016,GGATAATTCTATTAACC,GTGCATTAATTAAAAACAC
A/Sydney/5/2017,GGATAATTCTATTAACC,GTGCATTAATTAAAAACAC
A/California/121/2016,GGATAATTCTATTAACC,GTGCATTAATTAAAAACAC
A/SouthDakota/29/2016,GGATAATTCTATTAACC,GTGCATTAATTAAAAACAC
A/California/122/2015,GGATAATTCTATTAACC,GTGCATTAATTAAAAACAC
A/California/125/2016,GGATAATTCTATTAACC,GTGCATTAATTAAAAACAC
A/NorthCarolina/04/2016,GGATAATTCTATTAACC,GTGCATTAATTAAAAACAC
A/Perth/76/2015,GGATAATTCTATTAACC,GTGCATTAATTAAAAACAC
A/NewHampshire/06/2017,GGATAATTCTATTAACC,GTGCATTAATTAAAAACAC
A/Ohio/30/2016,GGATAATTCTATTAACC,GTGCATTAATTAAAAACAC
A/SouthAustralia/160/2016,GGATAATTCTATTAACC,GTGCATTAATTAAAAACAC
A/Washington/73/2015,GGATAATTCTATTAACC,GTGCATTAATTAAAAACAC
A/Washington/74/2015,GGATAATTCTATTAACC,GTGCATTAATTAAAAACAC
A/Nebraska/23/2016,GGATAATTCTATTAACC,GTGCATTAATTAAAAACAC
A/SouthAustralia/1007/2016,GGATAATTCTATTAACC,GTGCATTAATTAAAAACAC
A/SouthAustralia/173/2016,GGATAATTCTATTAACC,GTGCATTAATTAAAAACAC
A/Minnesota/74/2016,GGATAATTCTATTAACC,GTACATTAATTAAAAACAC
A/Tasmania/97/2016,GGATAATTCTATTAACC,GTGCATTAATTAAAAACAC
A/Sydney/115/2016,GGATAATTCTATTAACC,GTGCATTAATTAAAAACAC
A/SouthAustralia/141/2016,GGATAATTCTATTAACC,GTGCATTAATTAAAAACAC
A/SouthAustralia/164/2016,GGATAATTCTATTAACC,GTGCATTAATTAAAAACAC
A/Pennsylvania/20/2016,GGATAATTCTATTAACC,GTGCATTAATTAAAAACAC
A/Sydney/101/2016,GGATAATTCTATTAACC,GTGCATTAATTAAAAACAC
A/Canberra/7/2016,GGATAATTCTATTAACC,GTGCATTAATTAAAAACAC
A/NewMexico/30/2015,GGATAATTCTATTAACC,GTGCATTAATTAAAAACAC
A/Pennsylvania/52/2015,GGATAATTCTATTAACC,GTGCATTAATTAAAAACAC
A/Tasmania/3/2016,GGATAATTCTATTAACC,GTGCATTAGTTAAAAACAC
A/Hawaii/73/2016,GGATAATTCTATTAACC,ATGCATTAATTAAAAACAC
A/SouthAustralia/112/2016,GGATAATTCTATTAACC,GTGCATTAATTAAAAACAC
A/Maryland/25/2017,GGATAATTCTATTAACC,GTGCATTAATTAAAAACAC
A/Brisbane/66/2016,GGATAATTCTATTAACC,GTGCATTAATTAAAAACAC
A/SouthAustralia/172/2015,GGATAATTCTATTAACC,GTGCATTAATTAAAAACAC
A/Missouri/24/2016,GGATAATTCTATTAACC,GTGCATTAATTAAAAACAC
A/Victoria/1012/2016,GGATAATTCTATTAACC,GTGCATTAATTAAAAACAC
A/SouthAustralia/115/2016,GGATAATTCTATTAACC,GTGCATTAATTAAAAACAC
A/SouthAustralia/147/2016,GGATAATTCTATTAACC,GTGCATTAATTAAAAACAC
A/California/120/2016,GGATAATTCTATTAACC,GTGCATTAATTAAAAACAC
A/SouthAustralia/35/2016,GGATAATTCTATTAACC,GTGCATTAATTAAAAACAC
A/Utah/43/2016,GGATAATTCTATTAACC,GTGCATTAATTAAAAACAC
A/Brisbane/224/2016,GGATAATTCTATTAACC,GTGCATTAATTAAAAACAC
A/Newcastle/201/2016,GGATAATTCTATTAACC,GTGCATTAATTAAAAACAC
A/SouthAustralia/143/2016,GGATAATTCTATTAACC,GTGCATTAATTAAAAACAC
A/Newcastle/102/2016,GGATAATTCTATTAACC,GTGCATTAATTAAAAACAC
A/WestVirginia/10/2016,GGATAATTCTATTAACC,GTGCATTAATTAAAAACAC
A/WestVirginia/13/2016,GGATAATTCTATTAACC,GTGCATTAATTAAAAACAC
A/Brisbane/285/2016,GGATAATTCTATTAACC,GTGCATTAATTAAAAACAC
A/Brisbane/86/2017,GGATAATTCTATTAACC,GTGCATTAATTAAAAACAC
A/Victoria/2015/2016,GGATAATTCTATTAACC,GTGCATTAATTAAAAACAC
A/Sydney/143/2016,GGATAATTCTATTAACC,GTGCATTAATTAAAAACAC
A/Arizona/67/2016,GGATAATTCTATTAACC,GTACATTAATTAAAAACAC
A/Texas/59/2016,GGATAATTCTATTAACC,GTGCATTAATTAAAAACAC
A/Iowa/23/2016,GGATAATTCTATTAACC,GTGCATTAATTAAAAACAC
A/Perth/78/2016,GGATAATTCTATTAACC,GTGCATTAATTAAAAACAC
A/Victoria/2097/2016,GGATAATTCTATTAACC,GTGCATTAATTAAAAACAC
A/Alaska/32/2016,GGATAATTCTATTAACC,GTGCATTAATTAAAAACAC
A/Idaho/38/2016,GGATAATTCTATTAACC,GTGCATTAATTAAAAACAC
A/Arizona/37/2017,GGATAATTCTATTAACC,GTGCATTGATTAAAAACAC
A/Arizona/42/2017,GGATAATTCTATTAACC,GTGCGTTGATTAAAAACAC
A/Brisbane/122/2017,GGATAATTCTATTAACC,GTGCATTGATTAAAAACAC
A/California/195/2016,GGATAATTCTATTAACC,GTGCATTGATTAAAAACAC
A/California/198/2016,GGATAATTCTATTAACC,GTGCATTGATTAAAAACAC
A/Hawaii/18/2017,GGATAATTCTATTAACC,GTGCATTGATTAAAAACAC
A/Sydney/158/2017,GGATAATTCTATTAACC,GTGCATTGATTAAAAACAC
A/Newcastle/161/2017,GGATAATTCTATTAACC,GTGCATTGATTAAAAACAC
A/Texas/286/2017,GGATAATTCTATTAACC,GTGCATTGATTAAAAACAC
A/Newcastle/148/2017,GGATAATTCTATTAACC,GTGCATTGATTAAAAACAC
A/Louisiana/35/2017,GGATAATTCTATTAACC,GTGCATTGATTAAAAACAC
A/Sydney/14/2017,GGATAATTCTATTAACC,GTGCATTGATTAAAAACAC
A/Brisbane/133/2017,GGATAATTCTATTAACC,GTGCATTGATTAAAAACAC
A/SouthDakota/29/2017,GGATAATTCTATTAACC,GTGCATTGATTAAAAACAC
A/Georgia/14/2017,GGATAATTCTATTAACC,GTGCATTGATTAAAAACAC
A/NewYork/A-WC-LVD-17-052/2017,GGATAATTCTATTAACC,GTGCATTGATTAAAAACAC
A/Illinois/45/2016,GGATAATTCTATTAACC,GTGCATTAATTAAAAACAC
A/Brisbane/298/2016,GGATAATTCTATTAACC,GTGCATTAATTAAAAACAC
A/Canberra/93/2016,GGATAATTCTATTAACC,GTGCATTAATTAAAAACAC
A/Victoria/2074/2016,GGATAATTCTATTAACC,GTGCATTAATTAAAAACAC
A/Victoria/670/2016,GGATAATTCTATTAACC,GTGCATTAATTAAAAACAC
A/Victoria/909/2016,GGATAATTCTATTAACC,GTGCATTAATTAAAAACAC
A/Texas/177/2016,GGATAATTCTATTAACC,GTGCATTAATTAAAAACAC
A/Victoria/660/2016,GGATAATTCTATTAACC,GTGCATTAATTAAAAACAC
A/Kansas/03/2017,GGATAATTCTATTAACC,GTGCATTAATTAAAAACAC
A/NewYork/A-WC-LVD-16-003/2016,GGATAATTCTATTAACC,GTGCATTAATTAAAAACAC
A/SouthAustralia/193/2017,GGATAATTCTATTAACC,GTGCATTAATTAAAAACAC
A/Delaware/40/2016,GGATAATTCTATTAACC,GTGCATTAATTAAAAACAC
A/Ohio/39/2016,GGATAATTCTATTAACC,GTGCATTAATTAAAAACAC
A/SouthAustralia/39/2016,GGATAATTCTATTAACC,GTGCATTAATTAAAAACAC
A/Victoria/12/2016,GGATAATTCTATTAACC,GTGCATTAAGTAAAAACAC
A/Victoria/52/2016,GGATAATTCTATTAACC,GTGCATTAATTAAAAACAC
A/Brisbane/296/2016,GGATAATTCTATTAACC,GTGCATTAATTAAAAACAC
A/Victoria/624/2016,GGATAATTCTATTAACC,GTGCATTAATTAAAAACAC
A/Alaska/57/2017,GGATAATTCTATTAACC,GTGCATTAATTAAAAACAC
A/Sydney/562/2017,GGATAATTCTATTAACC,GTGCATTAATTAAAAACAC
A/Brisbane/167/2017,GGATAATTCTATTAACC,GTGCATTAATTAAAAACAC
A/Florida/42/2017,GGATAATTCTATTAACC,GTGCATTAATTAAAAACAC
A/SouthAustralia/263/2017,GGATAATTCTATTAACC,GTGCATTAATTAAAAACAC
A/Sydney/540/2017,GGATAATTCTATTAACC,GTGCATTAATTAAAAACAC
A/Sydney/200/2017,GGATAATTCTATTAACC,GTGCATTAATTAAAAACAC
A/Sydney/205/2017,GGATAATTCTATTAACC,GTGCATTAATTAAAAACAC
A/Canberra/15/2017,GGATAATTCTATTAACC,GTGCATTAATTAAAAACAC
A/Newcastle/150/2017,GGATAATTCTATTAACC,GTGCATTAATTAAAAACAC
A/Sydney/509/2017,GGATAATTCTATTAACC,GTGCATTAATTAAAAACAC
A/Michigan/397/2018,GGATAATTCTATTAACC,GTGCATTAATTAAAAACAC
A/Michigan/401/2018,GGATAATTCTATTAACC,GTGCATTAATTAAAAACAC
A/Moscow/1/2019,GGATAATTCTATTAACC,GTGCATTAATTAAAAACAC
A/Newcastle/4/2018,GGATAATTCTATTAACC,GTGCATTAATTAAAAACAC
A/SouthAustralia/12/2018,GGATAATTCTATTAACC,GTGCATTAATTAAAAACAC
A/Sydney/735/2017,GGATAATTCTATTAACC,GTGCATTAATTAAAAACAC
A/Minnesota/27/2018,GGATAATTCTATTAACC,GTGCATTAATTAAAAACAC
A/Canberra/18/2017,GGATAATTCTATTAACC,GTGCATTAATTAAAAACAC
A/Sydney/1205/2017,GGATAATTCTATTAACC,GTGCATTAATTAAAAACAC
A/Victoria/539/2017,GGATAATTCTATTAACC,GTGCATTAATTAAAAACAC
A/Perth/138/2017,GGATAATTCTATTAACC,GTGCATTAATTAAAAACAC
A/WestVirginia/22/2017,GGATAATTCTATTAACC,GTGCATTAATTAAAAACAC
A/Sydney/8/2018,GGATAATTCTATTAACC,GTGCATTAATTAAAAACAC
A/SouthDakota/26/2017,GGATAATTCTATTAACC,GTGCATTAATTAAAAACAC
A/Brisbane/14/2018,GGATAATTCTATTAACC,GTGCATTAATTAAAAACAC
A/Brisbane/31/2018,GGATAATTCTATTAACC,GTGCATTAATTAAAAACAC
A/Sydney/20/2018,GGATAATTCTATTAACC,GTGCATTAATTAAAAACAC
A/Newcastle/19/2018,GGATAATTCTATTAACC,GTGCATTAATTAAAAACAC
A/Florida/101/2018,GGATAATTCTATTAACC,GTGCATTAATTAAAAACAC
A/Victoria/2038/2018,GGATAATTCTATTAACC,GTGCATTAATTAAAAACAC
A/Texas/131/2018,GGATAATTCTATTAACC,GTGCATTAATTAAAAACAC
A/Victoria/721/2018,GGATAATTCTATTAACC,GTGCATTAATTAAAAACAC
A/NorthDakota/36/2018,GGATAATTCTATTAACC,GTGCATTAATTAAAAACAC
A/Washington/181/2018,GGATAATTCTATTAACC,GTGCATTAATTAAAAACAC
A/SouthAustralia/179/2018,GGATAATTCTATTAACC,GTGCATTAATTAAAAACAC
A/Brisbane/7/2018,GGATAATTCTATTAACC,GTGCATTAATTAAAAACAC
A/SouthAustralia/167/2018,GGATAATTCTATTAACC,GTGCATTAATTAAAAACAC
A/Arizona/55/2018,GGATAATTCTATTAACC,GTGCATTAATTAAAAACAC
A/Indiana/36/2018,GGATAATTCTATTAACC,GTGCATTAATTAAAAACAC
A/Wisconsin/555/2019,GGATAATTCTATTAACC,GTGCATTAATTAAAAACAC
A/Brisbane/75/2017,GGATAATTCTATTAACC,GTGCATTAATTAAAAACAC
A/Kenya/032/2017,GGATAATTCTATTAACC,GTGCATTAATTAAAAACAC
A/SouthAfrica/A112-004-068/2017,GGATAATTCTATTAACC,GTGCATTAATTAAAAACAC
A/SouthAfrica/K123-002-059/2017,GGATAATTCTATTAACC,GTGCATTAATTAAAAACAC
A/SouthAfrica/K116-002-062/2017,GGATAATTCTATTAACC,GTGCATTAATTAAAAACAC
A/Victoria/2023/2017,GGATAATTCTATTAACC,GTGCATTAATTAAAAACAC
A/Perth/352/2017,GGATAATTCTATTAACC,GTGCATTAATTAAAAACAC
A/Brisbane/87/2017,GGATAATTCTATTAACC,GTGCATTAATTAAAAACAC
A/Florida/40/2017,GGATAATTCTATTAACC,GTGCATTAATTAAAAACAC
A/Florida/96/2016,GGATAATTCTATTAACC,GTGCATTAATTAAAAACAC
A/Michigan/100/2016,GGATAATTCTATTAACC,GTGCATTAATTAAAAACAC
A/NewJersey/01/2017,GGATAATTCTATTAACC,GTGCATTAATTAAAAACAC
A/NewMexico/56/2016,GGATAATTCTATTAACC,GTGCATTAATTAAAAACAC
A/Pennsylvania/105/2016,GGATAATTCTATTAACC,GTGCATTAATTAAAAACAC
A/Pennsylvania/119/2016,GGATAATTCTATTAACC,GTGCATTAATTAAAAACAC
A/SouthDakota/21/2017,GGATAATTCTATTAACC,GTGCATTAATTAAAAACAC
A/Minnesota/29/2017,GGATAATTCTATTAACC,GTGCATTAATTAAAAACAC
A/Sydney/20/2017,GGATAATTCTATTAACC,GTGCATTAATTAAAAACAC
A/Michigan/53/2017,GGATAATTCTATTAACC,GTGCATTAATTAAAAACAC
A/Wisconsin/312/2017,GGATAATTCTATTAACC,GTGCATTAATTAAAAACAC
A/SouthCarolina/13/2017,GGATAATTCTATTAACC,GTGCATTAATTAAAAACAC
A/SouthAfrica/A169-009-068/2017,GGATAATTCTATTAACC,GTGCATTAATTAAAAACAC
A/Brisbane/64/2018,GGATAATTCTATTAACC,GTGCATTAATTAAAAACAC
A/SouthAustralia/121/2018,GGATAATTCTATTAACC,GTGCATTAATTAAAAACAC
A/Victoria/2052/2018,GGATAATTCTATTAACC,GTGCATTAATTAAAAACAC
A/Victoria/2093/2018,GGATAATTCTATTAACC,GTGCATTAATTAAAAACAC
A/NewYork/40/2018,GGATAATTCTATTAACC,GTGCATTAATTAAAAACAC
A/NewHampshire/24/2018,GGATAATTCTATTAACC,GTGCATTAATTAAAAACAC
A/Makhachkala/84/2019,GGATAATTCTATTAACC,GTGCATTAATTAAAAACAC
A/Vladimir/87/2019,GGATAATTCTATTAACC,GTGCATTAATTAAAAACAC
A/Minnesota/44/2019,GGATAATTCTATTAACC,GTGCATTAATTAAAAACAC
A/Ohio/31/2018,GGATAATTCTATTAACC,GTGCATTAATTAAAAACAC
A/SouthAustralia/153/2018,GGATAATTCTATTAACC,GTGCATTAATTAAAAACAC
A/Minnesota/65/2018,GGATAATTCTATTAACC,GTGCATTAATTAAAAACAC
A/Townsville/23/2018,GGATAATTCTATTAACC,GTGCATTAATTAAAAACAC
A/SouthAustralia/1028/2018,GGATAATTCTATTAACC,GTGCATTAATTAAAAACAC
A/SouthAustralia/174/2018,GGATAATTCTATTAACC,GTGCATTAATTAAAAACAC
A/Canberra/11/2017,GGATAATTCTATTAACC,GTGCATTAATTAAAAACAC
A/Perth/348/2017,GGATAATTCTATTAACC,GTGCATTAATTAAAAACAC
A/Brisbane/67/2018,GGATAATTCTATTAACC,GTGCATTAATTAAAAACAC
A/Brisbane/13/2018,GGATAATTCTATTAACC,GTGCATTAATTAAAAACAC
A/Connecticut/11/2017,GGATAATTCTATTAACC,GTGCATTAATTAAAAACAC
A/Florida/39/2017,GGATAATTCTATTAACC,GTGCATTAATTAAAAACAC
A/Minnesota/13/2017,GGATAATTCTATTAACC,GTGCATTAATTAAAAACAC
A/Mississippi/03/2017,GGATAATTCTATTAACC,GTGCATTGATTAAAAACAC
A/Indiana/20/2017,GGATAATTCTATTAACC,GTGCATTAATTAAAAACAC
A/Texas/280/2017,GGATAATTCTATTAACC,GTGCATTAATTAAAAACAC
A/Wisconsin/323/2017,GGATAATTCTATTAACC,GTGCATTAATTAAAAACAC
A/Georgia/27/2017,GGATAATTCTATTAACC,GTGCATTAATTAAAAACAC
A/SouthAustralia/133/2017,GGATAATTCTATTAACC,GTGCATTAATTAAAAACAC
A/Sydney/152/2017,GGATAATTCTATTAACC,GTGCATTAATTAAAAACAC
A/Washington/194/2018,GGATAATTCTATTAACC,GTGCATTAATTAAAAACAC
A/Nicaragua/4769_05/2017,GGATAATTCTATTAACC,GTGCATTAATTAAAAACAC
A/Nicaragua/9693_02/2017,GGATAATTCTATTAACC,GTGCATTAATTAAAAACAC
A/Nicaragua/8078_07/2017,GGATAATTCTATTAACC,GTGCATTAATTAAAAACAC
A/Nicaragua/9452_07/2017,GGATAATTCTATTAACC,GTGCATTAATTAAAAACAC
A/Nicaragua/9103_06/2017,GGATAATTCTATTAACC,GTGCATTAATTAAAAACAC
A/Nicaragua/9852_01/2017,GGATAATTCTATTAACC,GTGCATTAATTAAAAACAC
A/Nicaragua/6714_05/2017,GGATAATTCTATTAACC,GTGCATTAATTAAAAACAC
A/Nicaragua/8540_14/2017,GGATAATTCTATTAACC,GTGCATTAATTAAAAACAC
A/Nicaragua/7302_15/2017,GGATAATTCTATTAACC,GTGCATTAATTAAAAACAC
A/Nicaragua/9065_11/2017,GGATAATTCTATTAACC,GTGCATTAATTAAAAACAC
A/Brisbane/104/2018,GGATAATTCTATTAACC,GTGCATTAATTAAAAACAC
A/SouthAustralia/161/2018,GGATAATTCTATTAACC,GTGCATTAATTAAAAACAC
A/Canberra/1000/2018,GGATAATTCTATTAACC,GTGCATTAATTAAAAACAC
A/Hawaii/64/2018,GGATAATTCTATTAACC,GTGCATTAATTAAAAACAC
A/Hawaii/46/2018,GGATAATTCTATTAACC,GTGCACTAATTAAAAACAC
A/Maine/37/2018,GGATAATTCTATTAACC,GTGCACTAATTAAAAACAC
A/Newcastle/39/2018,GGATAATTCTATTAACC,GTGCACTAATTAAAAACAC
A/Newcastle/17/2018,GGATAATTCTATTAACC,GTGCATTAATTAAAAACAC
A/SouthAustralia/186/2018,GGATAATTCTATTAACC,GTGCATTAATTAAAAACAC
A/Sydney/121/2018,GGATAATTCTATTAACC,GTGCATTGATTAAAAACAC
A/Sydney/22/2018,GGATAATTCTATTAACC,GTGCATTAATTAAAAACAC
A/Wisconsin/98/2018,GGATAATTCTATTAACC,GTGCACTAATTAAAAACAC
A/NewHampshire/25/2018,GGATAATTCTATTAACC,GTGCATTAATTAAAAACAC
A/Sydney/100/2018,GGATAATTCTATTAACC,GTGCATTAATTAAAAACAC
A/Victoria/2041/2018,GGATAATTCTATTAACC,GTGCATTAATTAAAAACAC
A/Hawaii/47/2018,GGATAATTCTATTAACC,GTGCATTAATTAAAAACAC
A/Wisconsin/95/2018,GGATAATTCTATTAACC,GTGCATTAATTAAAAACAC
A/Hawaii/50/2018,GGATAATTCTATTAACC,GTGCATTAATTAAAAACAC
A/Michigan/395/2018,GGATAATTCTATTAACC,GTGCATTAATTAAAAACAC
A/Hawaii/44/2018,GGATAATTCTATTAACC,GTGCATTAATTAAAAACAC
A/Minnesota/50/2018,GGATAATTCTATTAACC,GTGCACTAATTAAAAACAC
A/Michigan/385/2018,GGATAATTCTATTAACC,GTGCATTAATTAAAAACAC
A/Newcastle/48/2018,GGATAATTCTATTAACC,GTGCATTAATTAAAAACAC
A/Hawaii/51/2018,GGATAATTCTATTAACC,GTGCATTAATTAAAAACAC
A/Hawaii/52/2018,GGATAATTCTATTAACC,GTGCATTAATTAAAAACAC
A/SouthAustralia/1009/2018,GGATAATTCTATTAACC,GTGCACTAATTAAAAACAC
A/SouthAustralia/19/2018,GGATAATTCTATTAACC,GTGCACTAATTAAAAACAC
A/Perth/340/2017,GGATAATTCTATTAACC,GTGCATTAATTAAAAACAC
A/SouthAustralia/117/2018,GGATAATTCTATTAACC,GTGCATTAATTAAAAACAC
A/Perth/315/2017,GGATAATTCTATTAACC,GTGCATTAATTAAAAACAC
A/Sydney/1002/2018,GGATAATTCTATTAACC,GTGCATTAATTAAAAACAC
A/Sydney/1000/2018,GGATAATTCTATTAACC,GTGCATTAATTAAAAACAC
A/Moscow/119/2019,GGATAATTCTATTAACC,GTGCATTAATTAAAAAC
A/Grozny/88/2019,GGATAATTCTATTAACC,GTGCATTAATTACAAACA
A/Kenya/012/2017,GGATAATTCTATTAACC,GTGCATT
A/California/191/2019,GGATAATTCTATTAACC,GTGCATTAATTAAAAACAC
A/Illinois/38/2019,GGATAATTCTATTAACC,GTGCATTAATTAAAAACAC
A/Mississippi/41/2019,GGATAATTCTATTAACC,TTGCATTAATTAAAAACAC
A/Colorado/46/2019,GGATAATTCTATTAACC,GTGCATTAATTAAAAACAC
A/NewJersey/34/2019,GGATAATTCTATTAACC,GTGCATTAATTAAAAACAC
A/Missouri/30/2019,GGATAATTCTATTAACC,GTGCATTAATTAAAAACAC
A/Maine/43/2019,GGATAATTCTATTAACC,GTGCATTAATTAAAAACAC
A/Pennsylvania/02/2020,GGATAATTCTATTAACC,GTGCATTAATTAAAAACAC
A/Alaska/31/2019,GGATAATTCTATTAACC,GTGCATTAATTAAAAACAC
A/NewYork/47/2019,GGATAATTCTATTAACC,GTGCATTAATTAAAAACAC
A/Hawaii/80/2019,GGATAATTCTATTAACC,GTGCATTAATTAAAAACAC
A/Montana/06/2020,GGATAATTCTATTAACC,GTGCATTAATTAAAAACAC
A/Massachusetts/01/2020,GGATAATTCTATTAACC,GTGCATTAATTAAAAACAC
A/Ohio/29/2019,GGATAATTCTATTAACC,GTGCATTAATTAAAAACAC
A/Tennessee/21/2020,GGATAATTCTATTAACC,GTGCATTAATTAAAAACAC
A/Iowa/47/2019,GGATAATTCTATTAACC,GTGCATTAATTAAAAACAC
A/Mississippi/29/2019,GGATAATTCTATTAACC,GTGCATTAATTAAAAACAC
A/Missouri/27/2019,GGATAATTCTATTAACC,GTGCATTAATTAAAAACAC
A/Wisconsin/577/2019,GGATAATTCTATTAACC,GTGCATTAATTAAAAACAC
A/Massachusetts/38/2019,GGATAATTCTATTAACC,GTGCAGTAATTAAAAACAC
A/Colorado/38/2018,GGATAATTCTATTAACC,GTGCATTAATTAAAAACAC
A/NorthDakota/38/2018,GGATAATTCTATTAACC,GTGCATTAATTAAAAACAC
A/SouthAustralia/123/2018,GGATAATTCTATTAACC,GTGCATTAATTAAAAACAC
A/SouthAustralia/184/2018,GGATAATTCTATTAACC,GTGCATTGATTAAAAACAC
A/SouthAustralia/151/2018,GGATAATTCTATTAACC,GTGCATTAATTAAAAACAC
A/Wisconsin/103/2018,GGATAATTCTATTAACC,GTGCATTAATTAAAAACAC
A/SouthAustralia/26/2018,GGATAATTCTATTAACC,GTGCATTAATTAAAAACAC
A/Colorado/44/2019,GGATAATTCTATTAACC,GTGCATTAATTAAAAACAC
A/Michigan/437/2019,GGATAATTCTATTAACC,GTGCATTAATTAAAAACAC
A/Alaska/32/2019,GGATAATTCTATTAACC,GTGCATTAATTAAAAACAC
A/Florida/121/2019,GGATAATTCTATTAACC,GTGCATTAATTAAAAACAC
A/Louisiana/46/2019,GGATAATTCTATTAACC,GTGCATTAATTAAAAACAC
A/Florida/10/2020,GGATAATTCTATTAACC,GTGCATTAATTAAAAACAC
A/Florida/97/2019,GGATAATTCTATTAACC,GTGCATTAATTAAAAACAC
A/Indiana/35/2019,GGATAATTCTATTAACC,GTGCATTAATTAAAAACAC
A/Iowa/38/2019,GGATAATTCTATTAACC,GTGCATTAATTAAAAACAC
A/Iowa/44/2019,GGATAATTCTATTAACC,GTGCATTAATTAAAAACAC
A/Nebraska/13/2019,GGATAATTCTATTAACC,GTGCATTAATTAAAAACAC
A/Utah/56/2019,GGATAATTCTATTAACC,GTGCATTAATTAAAAACAC
A/Florida/93/2019,GGATAATTCTATTAACC,GTGCATTAATTAAAAACAC
A/Hawaii/58/2019,GGATAATTCTATTAACC,GTGCATTAATTAAAAACAC
A/Michigan/390/2019,GGATAATTCTATTAACC,GTGCATTAATTAAAAACAC
A/Mississippi/35/2019,GGATAATTCTATTAACC,GTGCATTAATTAAAAACAC
A/Idaho/30/2019,GGATAATTCTATTAACC,GTGCATTAATTAAAAACAC
A/Connecticut/43/2019,GGATAATTCTATTAACC,GTGCATTAATTAAAAACAC
A/Idaho/33/2019,GGATAATTCTATTAACC,GTGCATTAATTAAAAACAC
A/Alaska/36/2019,GGATAATTCTATTAACC,GTGCATTAATTAAAAACAC
A/Hawaii/57/2019,GGATAATTCTATTAACC,GTGCATTAATTAAAAACAC
A/Colorado/36/2019,GGATAATTCTATTAACC,GTGCATTAATTAAAAACAC
A/Florida/107/2019,GGATAATTCTATTAACC,GTGCATTAATTAAAAACAC
A/Mississippi/25/2019,GGATAATTCTATTAACC,GTGCATTAATTAAAAACAC
A/Montana/60/2019,GGATAATTCTATTAACC,GTGCATTAATTAAAAACAC
A/Iowa/35/2019,GGATAATTCTATTAACC,GTGCATTAATTAAAAACAC
A/Idaho/27/2019,GGATAATTCTATTAACC,GTGCATTAATTAAAAACAC
A/Hawaii/42/2019,GGATAATTCTATTAACC,GTGCATTAATTAAAAACAC
A/NorthDakota/25/2019,GGATAATTCTATTAACC,GTGCATTGATTAAAAACAC
A/Hawaii/34/2019,GGATAATTCTATTAACC,GTGCATTAACTAAAAACAC
A/Nebraska/10/2019,GGATAATTCTATTAACC,GTGCATTAATTAAAAACAC
A/Texas/358/2019,GGATAATTCTATTAACC,GTGCATTAATTAAAAACAC
A/Michigan/387/2019,GGATAATTCTATTAACC,GTGCATTAATTAAAAACAC
A/Washington/696/2019,GGATAATTCTATTAACC,GTGCATTAATTAAAAACAC
A/Arizona/29/2019,GGATAATTCTATTAACC,GTGCATTAATTAAAAACAC
A/Arizona/31/2019,GGATAATTCTATTAACC,GTGCATTAATTAAAAACAC
A/Minnesota/50/2019,GGATAATTCTATTAACC,GTGCATTAATTAAAAACAC
A/Utah/04/2020,GGATAATTCTATTAACC,GTGCATTAATTAAAAACAC
A/Brisbane/154/2018,GGATAATTCTATTAACC,GTGCATTAATTAAAAACAC
A/SouthAustralia/143/2018,GGATAATTCTATTAACC,GTGCATTAATTAAAAACAC
A/Victoria/2051/2018,GGATAATTCTATTAACC,GTGCATTAATTAAAAACAC
A/NewHampshire/28/2018,GGATAATTCTATTAACC,GTGCATTAATTAAAAACAC
A/SouthAustralia/136/2018,GGATAATTCTATTAACC,GTGCATTAATTAAAAACAC
A/Grozny/89/2019,GGATAATTCTATTAACC,GTGCATTAATTAGAAACAC
A/Yaroslavl/82/2019,GGATAATTCTATTAACC,GTGCATTAATTAAAAACAC
A/Moscow/122/2019,GGATAATTCTATTAACC,GTGCATTAATTAGAAACAC
A/Florida/116/2019,GGATAATTCTATTAACC,GTGCATTAATTAAAAACAC
A/SouthAustralia/159/2018,GGATAATTCTATTAACC,GTGCACTAATTAAAAACAC
A/Michigan/413/2018,GGATAATTCTATTAACC,GTGCATTAATTAAAAACAC
A/Moscow/121/2019,GGATAATTCTATTAACC,GTGCATTAATTAAAAACAC
A/Massachusetts/31/2019,GGATAATTCTATTAACC,GTGCATTAATTAAAAACAC
A/NewHampshire/44/2019,GGATAATTCTATTAACC,GTGCATTAATTAAAAACAC
A/Iowa/60/2019,GGATAATTCTATTAACC,GTGCATTAATTAAAAACAC
A/Nebraska/15/2019,GGATAATTCTATTAACC,GTGCATTAATTAAAAACAC
A/NewYork/14/2020,GGATAATTCTATTAACC,GTGCATTAATTAAAAACAC
A/WestVirginia/44/2019,GGATAATTCTATTAACC,GTGCATTAATTAAAAACAC
A/Arizona/55/2019,GGATAATTCTATTAACC,GTGCATTAATTAAAAACAC
A/Utah/37/2019,GGATAATTCTATTAACC,GTGCATTAATTAAAAACAC
A/Florida/85/2019,GGATAATTCTATTAACC,GTGCATTAATTAAAAACAC
A/RhodeIsland/01/2020,GGATAATTCTATTAACC,GTGCATTAATTAAAAACAC
A/Delaware/38/2019,GGATAATTCTATTAACC,GTGCATTAATTAAAAACAC
A/NewYork/44/2019,GGATAATTCTATTAACC,GTGCATTAATTAAAAACAC
A/Alaska/38/2019,GGATAATTCTATTAACC,GTGCATTAATTAAAAACAC
A/Alaska/46/2019,GGATAATTCTATTAACC,GTGCATTAATTAAAAACAC
A/Wisconsin/568/2019,GGATAATTCTATTAACC,GTGCATTAATTAAAAACAC
A/Iowa/02/2020,GGATAATTCTATTAACC,GTGCATTAATTAAAAACAC
A/Makhachkala/86/2019,GGATAATTCTATTAACC,GTGCATTAATTAAAAACA
A/California/77/2018,GGATAATTCTATTAACC,GTGCATTAATTAAAAACAC
A/Michigan/418/2018,GGATAATTCTATTAACC,GTGCATTAATTAAAAACAC
A/Tomsk/243/2018,GGATAATTCTATTAACC,GTGCATTAATT
A/Tomsk/244/2018,GGATAATTCTATTAACC,GTGCATTAATTAAAAACA
A/Tomsk/245/2018,GGATAATTCTATTAACC,GTGCATTAAGTAGAAACA
A/RhodeIsland/26/2019,GGATAATTCTATTAACC,GTGCATTAATTAAAAACAC
A/Kenya/013/2017,GGATAATTCTATTAACC,GTGCATTAATTAAAAACAC
A/SouthCarolina/16/2017,GGATAATTCTATTAACC,GTGCATTGATTAAAAACAC
A/Alabama/18/2017,GGATAATTCTATTAACC,GTGCATTAATTAAAAACAC
A/Alabama/19/2017,GGATAATTCTATTAACC,GTGCATTAATTAAAAACAC
A/Tennessee/40/2017,GGATAATTCTATTAACC,GTGCATTAATTAAAAACAC
A/Florida/46/2017,GGATAATTCTATTAACC,GTGCATTAATTAAAAACAC
A/Florida/48/2017,GGATAATTCTATTAACC,GTGCATTAATTAAAAACAC
A/Brisbane/1/2017,GGATAATTCTATTAACC,GTGCATTAATTAAAAACAC
A/Florida/22/2017,GGATAATTCTATTAACC,GTGCATTAATTAAAAACAC
A/Maryland/29/2017,GGATAATTCTATTAACC,GTGCATTAATTAAAAACAC
A/NorthCarolina/58/2016,GGATAATTCTATTAACC,GTGCATTAATTAAAAACAC
A/NewYork/103/2016,GGATAATTCTATTAACC,GTGCATTAATTAAAAACAC
A/NewYork/88/2016,GGATAATTCTATTAACC,GTGCATTAATTAAAAACAC
A/NewYork/92/2016,GGATAATTCTATTAACC,GTGCATTAATTAAAAACAC
A/NewYork/83/2016,GGATAATTCTATTAACC,GTGCATTAATTAAAAACAC
A/Maryland/35/2017,GGATAATTCTATTAACC,GTGCATTAATTAAAAACAC
A/Connecticut/22/2017,GGATAATTCTATTAACC,GTGCATTAATTAAAAACAC
A/California/141/2019,GGATAATTCTATTAACC,GTGCATTAGTTAAAAACAC
A/Connecticut/05/2019,GGATAATTCTATTAACC,GTGCATTAATTAAAAACAC
A/NewYork/04/2019,GGATAATTCTATTAACC,GTGCATTAATTAAAAACAC
A/Minnesota/38/2018,GGATAATTCTATTAACC,GTGCATTAATTAAAAACAC
A/Perth/1001/2018,GGATAATTCTATTAACC,GTGCATTAATTAAAAACAC
A/Wisconsin/92/2018,GGATAATTCTATTAACC,GTGCATTAATTAAAAACAC
A/Wisconsin/93/2018,GGATAATTCTATTAACC,GTGCATTAATTAAAAACAC
A/Missouri/47/2018,GGATAATTCTATTAACC,GTGCATTAATTAAAAACAC
A/Pennsylvania/78/2018,GGATAATTCTATTAACC,GTGCATTAATTAAAAACAC
A/Minnesota/39/2018,GGATAATTCTATTAACC,GTGCATTAATTAAAAACAC
A/Ohio/23/2018,GGATAATTCTATTAACC,GTGCATTAATTAAAAACAC
A/Newcastle/108/2017,GGATAATTCTATTAACC,GTGCATTAATTAAAAACAC
A/California/142/2019,GGATAATTCTATTAACC,GTGCATTAATTAAAAACAC
A/Montana/07/2020,GGATAATTCTATTAACC,GTGCATTAATTAAAAACAC
A/Idaho/42/2018,GGATAATTCTATTAACC,GTGCATTAATTAAAAACAC
A/Iowa/30/2019,GGATAATTCTATTAACC,GTGCATTAATTAAAAACAC
A/Nebraska/17/2018,GGATAATTCTATTAACC,GTGCATTAATTAAAAACAC
A/SouthDakota/25/2019,GGATAATTCTATTAACC,GTGCATTAATTAAAAACAC
A/Illinois/29/2019,GGATAATTCTATTAACC,GTGCATTAATTAAAAACAC
A/Arkansas/21/2019,GGATAATTCTATTAACC,GTGCATTAATTAAAAACAC
A/Maryland/02/2019,GGATAATTCTATTAACC,GTGCATTAATTAAAAACAC
A/California/36/2019,GGATAATTCTATTAACC,GTGCATTAATTAAAAACAC
A/Georgia/25/2018,GGATAATTCTATTAACC,GTGCATTAATTAAAAACAC
A/California/79/2019,GGATAATTCTATTAACC,GTGCATTAATTAAAAACAC
A/Florida/24/2019,GGATAATTCTATTAACC,GTGCATTAATTAAAAACAC
A/Michigan/202/2019,GGATAATTCTATTAACC,GTGCATTAATTAAAAACAC
A/Missouri/57/2018,GGATAATTCTATTAACC,GTGCATTAATTAAAAACAC
A/Florida/99/2018,GGATAATTCTATTAACC,GTGCATTAATTAAAAACAC
A/Illinois/87/2018,GGATAATTCTATTAACC,GTGCATTAATTAAAAACAC
A/Utah/30/2019,GGATAATTCTATTAACC,GTGCATTAATTAAAAACAC
A/Wyoming/09/2019,GGATAATTCTATTAACC,GTGCATTAATTAAAAACAC
A/Ohio/16/2019,GGATAATTCTATTAACC,GTGCATTAATTAAAAACAC
A/California/46/2019,GGATAATTCTATTAACC,GTGCATTAATTAAAAACAC
A/Texas/48/2019,GGATAATTCTATTAACC,GTGCATTAATTAAAAACAC
A/Minnesota/36/2019,GGATAATTCTATTAACC,GTGCATTAATTAAAAACAC
A/Texas/116/2019,GGATAATTCTATTAACC,GTGCATTAATTAAAAACAC
A/Hawaii/48/2019,GGATAATTCTATTAACC,GTGCATTAATTAAAAACAC
A/Texas/11/2019,GGATAATTCTATTAACC,GTGCATTAATTAAAAACAC
A/Florida/67/2019,GGATAATTCTATTAACC,GTGCATTAATTAAAAACAC
A/Florida/45/2019,GGATAATTCTATTAACC,GTGCATTAATTAAAAACAC
A/Florida/78/2019,GGATAATTCTATTAACC,GTGCATTAATTAAAAACAC
A/Texas/111/2019,GGATAATTCTATTAACC,GTGCATTAATTAAAAACAC
A/Florida/106/2018,GGATAATTCTATTAACC,GTGCATTAATTAAAAACAC
A/Idaho/13/2018,GGATAATTCTATTAACC,GTGCATTAATTAAAAACAC
A/Minnesota/40/2018,GGATAATTCTATTAACC,GTGCATTAATTAAAAACAC
A/Townsville/1002/2015,GGATAATTCTATTAACC,GTGCATTAATTAAAAACAC
A/Victoria/1000/2015,GGATAATTCTATTAACC,GTGCATTAATTAAAAACAC
A/Victoria/1014/2015,GGATAATTCTATTAACC,GTGCATTAATTAAAAACAC
A/SouthAustralia/64/2015,GGATAATTCTATTAACC,GTGCATTAATTAAAAACAC
A/Tasmania/1016/2015,GGATAATTCTATTAACC,GTGCATTAATTAAAAACAC
A/Tasmania/28/2015,GGATAATTCTATTAACC,GTGCATTAATTAAAAACAC
A/SouthAustralia/3/2016,GGATAATTCTATTAACC,GTGCATTAATTAAAAACAC
A/Sydney/29/2016,GGATAATTCTATTAACC,GTGCATTAATTAAAAACAC
A/Brisbane/280/2016,GGATAATTCTATTAACC,GTACATTAATTAAAAACAC
A/Brisbane/302/2016,GGATAATTCTATTAACC,GTACATTAATTAAAAACAC
A/Sydney/266/2016,GGATAATTCTATTAACC,GTACATTAATTAAAAACAC
A/Victoria/539/2016,GGATAATTCTATTAACC,GTACATTAATTAAAAACAC
A/California/122/2016,GGATAATTCTATTAACC,GTACATTAATTAAAAACAC
A/Washington/41/2016,GGATAATTCTATTAACC,GTACATTAATTAAAAACAC
A/Colorado/31/2016,GGATAATTCTATTAACC,GTACATTAATTAAAAACAC
A/Perth/22/2016,GGATAATTCTATTAACC,GTACATTAATTAAAAACAC
A/Sydney/142/2016,GGATAATTCTATTAACC,GTACATTAATTAAAAACAC
A/Tasmania/21/2016,GGATAATTCTATTAACC,GTACATTAATTAAAAACAC
A/Brisbane/291/2016,GGATAATTCTATTAACC,GTACATTAATTAAAAACAC
A/Townsville/51/2016,GGATAATTCTATTAACC,GTACATTAATTAAAAACAC
A/Idaho/33/2016,GGATAATTCTATTAACC,GTACATTAATTAAAAACAC
A/Colorado/37/2016,GGATAATTCTATTAACC,GTGCATTAATTAAAAACAC
A/Delaware/44/2015,GGATAATTCTATTAACC,GTGCATTAATTAAAAACAC
A/Florida/67/2016,GGATAATTCTATTAACC,GTGCATTAATTAAAAACAC
A/Georgia/52/2016,GGATAATTCTATTAACC,GTGCATTAATTAAAAACAC
A/Idaho/31/2016,GGATAATTCTATTAACC,GTGCATTAATTAAAAACAC
A/Minnesota/59/2016,GGATAATTCTATTAACC,GTGCATTAATTAAAAACAC
A/Nevada/34/2016,GGATAATTCTATTAACC,GTGCATTAATTAAAAACAC
A/NewYork/A-WC-LVD-16-020/2016,GGATAATTCTATTAACC,GTGCATTAATTAAAAACAC
A/Washington/72/2016,GGATAATTCTATTAACC,GTGCATTAATTAAAAACAC
A/Indiana/29/2015,GGATAATTCTATTAACC,GTGCATTAATTAAAAACAC
A/Nicaragua/8774_10/2016,GGATAATTCTATTAACC,GTGCATTAATTAAAAACAC
A/SouthAustralia/106/2016,GGATAATTCTATTAACC,GTGCATTAATTAAAAACAC
A/SouthCarolina/18/2016,GGATAATTCTATTAACC,GTGCATTAATTAAAAACAC
A/Texas/121/2016,GGATAATTCTATTAACC,GTGCATTAATTAAAAACAC
A/Texas/158/2016,GGATAATTCTATTAACC,GTGCATTAATTAAAAACAC
A/Idaho/34/2016,GGATAATTCTATTAACC,GTGCATTAATTAAAAACAC
A/Montana/14/2016,GGATAATTCTATTAACC,GTGCATTAATTAAAAACAC
A/Texas/175/2016,GGATAATTCTATTAACC,GTGCATTAATTAAAAACAC
A/Texas/176/2016,GGATAATTCTATTAACC,GTGCATTAATTAAAAACAC
A/Texas/173/2016,GGATAATTCTATTAACC,GTGCATTAATTAAAAACAC
A/Texas/76/2016,GGATAATTCTATTAACC,GTGCATTAATTAAAAACAC
A/SouthAustralia/1/2015,GGATAATTCTATTAACC,GTGCATTAATTAAAAACAC
A/Canberra/12/2015,GGATAATTCTATTAACC,GTGCATTAATTAAAAACAC
A/Sydney/6/2015,GGATAATTCTATTAACC,GTGCATTAATTAAAAACAC
A/Hawaii/51/2019,GGATAATTCTATTAACC,GTGCATTAATTAAAAACAC
A/Minnesota/47/2018,GGATAATTCTATTAACC,GTGCATTAATTAAAAACAC
A/Kenya/001/2017,CAGTAAAGCAGGGGATAATTCTATTAACC,GTGCATTAATTAAAAACACCC
A/Kenya/005/2017,CAGTAAAGCAGGGGATAATTCTATTAACC,GTGCATTAATTAAAAACACCC
A/Kenya/027/2017,CAGTAAAGCAGGGGATAATTCTATTAACC,GTGCATTAATTAAAAACACCC
A/Kenya/030/2017,CAGTAAAGCAGGGGATAATTCTATTAACC,GTGCATTAATTAAAAACACCC
A/Kenya/029/2017,CAGTAAAGCAGGGGATAATTCTATTAACC,GTGCATTAATTAAAAACACCC
A/Kenya/033/2017,CAGTAAAGCAGGGGATAATTCTATTAACC,GTGCATTAATTAAAAACACCC
A/Kenya/035/2017,CAGTAAAGCAGGGGATAATTCTATTAACC,GTGCATTAATTAAAAACACCC
A/Kenya/031/2017,CAGTAAAGCAGGGGATAATTCTATTAACC,GTGCATTAATTAAAAACACCC
A/Kenya/003/2017,CAGTAAAGCAGGGGATAATTCTATTAACC,GTGCATTAATTAAAAACACCC
A/Kenya/007/2017,CAGTAAAGCAGGGGATAATTCTATTAACC,GTACATTAATTAAAAACACCC
A/Kenya/008/2017,CAGTAAAGCAGGGGATAATTCTATTAACC,GTACATTAATTAAAAACACCC
A/Kenya/010/2017,CAGTAAAGCAGGGGATAATTCTATTAACC,GTACATTAATTAAAAACACCC
A/Kenya/017/2017,CAGTAAAGCAGGGGATAATTCTATTAACC,GTACATTAATTAAAAACACCC
A/Kenya/018/2017,CAGTAAAGCAGGGGATAATTCTATTAACC,GTACATTAATTAAAAACACCC
A/Kenya/020/2017,CAGTAAAGCAGGGGATAATTCTATTAACC,GTACATTAATTAAAAACACCC
A/Kenya/023/2017,CAGTAAAGCAGGGGATAATTCTATTAACC,GTGCATTAATTAAAAACACCC
A/Kenya/011/2017,CAGTAAAGCAGGGGATAATTCTATTAACC,GTGCATTAATTAAAAACACCC
A/Kenya/015/2017,CAGTAAAGCAGGGGATAATTCTATTAACC,GTGCATTAATTAAAAACACCC
A/Kenya/021/2017,CAGTAAAGCAGGGGATAATTCTATTAACC,GTGCATTAATTAAAAACACCC
A/Kenya/016/2017,CAGTAAAGCAGGGGATAATTCTATTAACC,GTGCATTAATTAAAAACACC
A/Kenya/004/2017,CAGTAAAGCAGGGGATAATTCTATTAACC,GTGCATTAATTAAAAACACC
A/Kenya/026/2017,CAGTAAAGCAGGGGATAATTCTATTAACC,GTGCATTAATTAAAAACACC
A/Kenya/022/2017,CAGTAAAGCAGGGGATAATTCTATTAACC,GTGCATTAATTAAAAACACC
A/Kenya/028/2017,CAGTAAAGCAGGGGATAATTCTATTAACC,GTGCATTAATTAAAAACACC
A/Linkou/0181/2016,AGCAAAAGCAGGGGATAATTTTATTAACC,GTGCATTAATTAAAAACACCC
A/Brisbane/122/2016,GGATAATTCTATTGACC,GTGCATTAATTAAAAACAC
A/SouthAustralia/34/2016,GGATAATTCTATTGACC,GTGCATTAATTAAAAACAC
A/SouthAustralia/162/2015,GGATAATTCTATTGACC,GTGCATTAATTAAAAACAC
A/Alaska/23/2016,GGATAATTTTATTAATC,GTGCATTAATTAAAAACAC
A/SouthAustralia/148/2016,GGATAATTTTATTAATC,GTGCATTAATTAAAAACAC
A/Hawaii/55/2016,GGATAATTTTATTAATC,GTGCATTAATTAAAAACAC
A/SouthAustralia/18/2016,GGATAATTTTATTAATC,GTGCATTAATTAAAAACAC
A/NorthCarolina/52/2016,GGATAATTTTATTAATC,GTGCATTRATTAAAAACAC
A/Texas/182/2016,GGATAATTTTATTAATC,GTGCATTAATTAAAAACAC
A/Nevada/37/2016,GGATAATTTTATTAATC,GTGCATTAATTAAAAACAC
A/Arizona/70/2016,GGATAATTTTATTAATC,GTGCATTAATTAAAAACAC
A/Hawaii/90/2016,GGATAATTTTATTAATC,GTGCATTAATTAAAAACAC
A/Maryland/30/2016,GGATAATTTTATTAATC,GTGCATTAATTAAAAACAC
A/Nebraska/24/2016,GGATAATTTTATTAATC,GTGCATTAATTAAAAACAC
A/California/180/2016,GGATAATTTTATTAATC,GTGCATTAATTAAAAACAC
A/Utah/21/2016,GGATAATTTTATTAATC,GTGCATTAATTAAAAACAC
A/Utah/33/2016,GGATAATTTTATTAATC,GTGCATTAATTAAAAACAC
A/Brisbane/184/2015,GGATAATTCCATTAACC,GTGCATTAATTAAAAACAC
A/SouthAustralia/1036/2015,GGATAATTCCATTAACC,GTGCATTAATTAAAAACAC
A/Kenya/007/2015,AGTAAAAGCAGGGGATAATTCTATTAACC,GTGCATTAATTAAAAACACCCTTGTTTCTACT
A/Kenya/016/2016,AGTAAAAGCAGGGGATAATTCTATTAACC,GTGCATTAATTAAAAACACCCTTGTTTCTACT
A/SouthDakota/35/2017,GGATAATTCYATYAACC,GTGCATTAATTAAAAACAC
A/Hawaii/33/2018,GGATAACTCTATTAACC,GTGCATTAATTAAAAACAC
A/Georgia/42/2019,GGATAACTCTATTAACC,GTGCATTAATTAAAAACAC
A/NewYork/02/2018,GGAAAATTCTATTAACC,GTGCATTAATTAAAAACAC
A/Sydney/17/2018,GGACAATTCTATTAACC,GTGCATTAATTAAAAACAC
A/Montana/09/2018,GGATAATCCTATTAACC,GTGCATTAATTAAAAACAC
A/Tasmania/1001/2016,GGATAATTCTATTAGCC,GTGCATTAATTAAAAACAC
A/Linkou/0164/2016,AGCAAAAGCAGGGGATATTTCTATTAACC,GTGCATTAATTAAAAACACCC
A/MUWRP-Uganda/707/2017,AGCAAAAGCAGGGGATAATTCTATTAACT,GTGCATTGATTAAAAACACCCTTGTTTCTACT
A/MUWRP-Uganda/708/2017,AGCAAAAGCAGGGGATAATTCTATTAACT,GTGCATTGATTAAAAACACCCTTGTTTCTACT
A/Brisbane/115/2018,GGATGATTCTATTAACC,GTGCATTAATTAAAAACAC
A/SouthAfrica/A136-005-063/2017,GGATATTTCTATTAACC,GTGCATTAATTAAAAACAC
A/Washington/664/2019,GGATATTTCTATTAACC,GTGTATTAATTAAAAACAC
A/Wyoming/16/2019,GGATATTTCTATTAACC,GTGCATTAATTAAAAACAC
A/Illinois/22/2017,GGATAATTCTGTTAACC,GTGCATTAATTAAAAACAC
A/Nicaragua/8727_10/2017,GGATAATTCTATTAACA,GTGCATTAATTAAAAACAC
A/Nicaragua/9508_06/2017,GGATAATTCTATTAACA,GTGCATTAATTAAAAACAC
A/NewJersey/43/2018,GGATAATTCTATTAATC,GTGCATTAATTAAAAACAC
A/Beijing/PUMCH02/2017,ACTTTGTGTTTGAGCGGGGGATAATTCTATTAACC,GTGCATTAA
A/Kenya/034/2017,GGGGATAATTCTATTAACC,GTGCATTAATTAAAAAACACCC
A/Hawaii/65/2019,GGATAATTCTATCAACC,GTGCATTAATTAAAAACAC
A/Victoria/511/2015,GGATAATTCTATCAACC,GTGCATTAATTAAAAACAC
A/Victoria/6001/2015,GGATAATTCTATCAACC,GTGCATTAATTAAAAACAC
A/Victoria/516/2015,GGATAATTCTATCAACC,GTGCATTAATTAAAAACAC
A/Baltimore/0256/2017,AGCAGGGGATAATTCTATTAACC,GTGCATTAATTAAAAACACCC
A/Canoas/LACENRS-1283/2015,AGCGAAAGCAGGGGATAATTCTATTAACC,GTGCATTAATTAAAAACACCCTTGTTTCTACT
A/Idaho/24/2016,GGATAATTCTAGTAACC,GTACATTAATTAAAAACAC
A/Kenya/036/2017,CAGTAAATCAGGGGATAATTCTATTAACC,GTGCATTAATTAAAAACACCC
A/SouthAustralia/22/2018,GGATAATTCCATCAACC,GTGCATTAATTAAAAACAC
A/NewJersey/NHRC_93400/2016,,GTGCATTAATTAAAAACACCCTTGTTTCTACT
A/Japan/6684/2018,,G
A/India/1728590/2017,,GTGCATTAATTAAAAACA
A/India/1728574/2017,,GTGCATTAATTAAAAACA
A/India/1728584/2017,,GTGCATTAATTAAAAACA
A/India/1728626/2017,,GTGCATTAATTAAAAACA
A/India/1730885/2017,,GTGCATTAATTAAAAACA
A/India/1731439/2017,,GTGCATTAATTAAAAACA
A/India/1740982/2017,,GTGCATTAATTAAAAACA
A/India/1842584/2017,,GTGCATTAATTAAAAACA
A/India/1732150/2017,,GTGCATTAATTAAAAACA
A/India/1733370/2017,,GTGCATTAATTAAAAACA
A/India/1731128/2017,,GTGCATTAATTAAAAACA
A/India/1739931/2017,,GTGCATTAATTAAAAACA
A/India/1739932/2017,,GTGCATTAATTAAAAACA
A/India/1841647/2017,,GTGCATTAATTAAAAACA
A/India/1739930/2017,,GTGCATTAATTAAAAACA
A/India/1842563/2017,,GTGCATTAATTAAAAACA
A/India/1841650/2017,,GTGCATTAATTAAAAACA
A/India/1739927/2017,,GTGCATTAATTAAAAACA
A/India/1842577/2017,,GTGCATTAATTAAAAACA
A/India/1842552/2017,,GTGCATTAATTAAAAACA
A/India/1740987/2017,,GTGCATTAATTAAAAACA
A/India/1740988/2017,,GTGCATTAATTAAAAACA
A/India/1740989/2017,,GTGCATTAATTAAAAACA
A/India/1842564/2017,,GTGCATTAATTAAAAACA
A/India/1741037/2017,,GTGCATTAATTAAAAACA
A/India/1739946/2017,,GTGCATTAATTAAAAACA
A/India/1739935/2017,,GTGCATTAATTAAAAACA
A/India/1741143/2017,,GTGCATTAATTAAAAACA
A/India/1738050/2017,,GTGCATTAATTAAAAACA
A/India/1842580/2017,,GTGCATTAATTAAAAACA
A/India/1733862/2017,,GTGCATTAATTAAAAACA
A/India/1733873/2017,,GTGCATTAATTAAAAACA
A/India/1736032/2017,,GTGCATTAATTAAAAACA
A/India/1732610/2017,,GTGCATTAATTAAAAACA
A/NewJersey/NHRC_93398/2016,,GTGCATTAATTAAAAACACCCTTGTTTCT
A/India/Ker-19298/2018,,GTGCATTAA
A/India/Ker-19299/2018,,GTGCATTAA
A/India/Pun-1845890/2018,,GTGCATTAA
A/India/Pun-1846768/2018,,GTGCATTAA
A/India/Pun-19533/2019,,GTGCATTAA
A/India/Pun-1847030/2018,,GTGCATTAA
A/India/Pun-1851127/2018,,GTGCATTAA
A/India/Pun-1847593/2018,,GTGCATTAA
A/India/Pun-19615/2019,,GTGCATTAA
A/India/Pun-1847801/2018,,GTGCATTAA
A/India/Ker-1851650/2018,,GTGCATTAA
A/India/Pun-1847908/2018,,GTGCATTAA
A/India/Pun-1851148/2018,,GTGCATTAA
A/India/Pun-1847054/2018,,GTGCATTAA
A/India/Pun-1847933/2018,,GTGCATTAA
A/India/Pun-1920970/2019,,GTGC
A/India/Pun-1922253/2019,,GTGC
A/India/Pun-1921693/2019,,GTGC
A/India/Pun-1922218/2019,,GTGC
A/India/Pun-1924667/2019,,GTGC
A/India/Pun-1922260/2019,,GTGC
A/India/Pun-1921994/2019,,GTGC
A/India/Pun-1922052/2019,,GTGC
A/India/Pun-1922016/2019,,GTGC
A/India/Pun-1922295/2019,,GTGC
A/India/Pun-1923665/2019,,GTGC
A/India/Pun-1923690/2019,,GTGC
A/India/Pun-1923708/2019,,GTGC
A/India/Pun-1922030/2019,,GTGC
A/India/Pun-1922292/2019,,GTGC
A/HongKong/3391/2017,,GTGCATTAATTAAAAACACCCTTGTTTCTACTAATACGAAGACCATAAA
