metadata_column,mutation,cluster_count,distinct_clusters,dataset_name
mds_label_for_Nextstrain_clade,6319G,1,4,sars-cov-2-2020-2022
mds_label_for_Nextstrain_clade,29834A,1,4,sars-cov-2-2020-2022
mds_label_for_Nextstrain_clade,29834-,1,0,sars-cov-2-2020-2022
mds_label_for_Nextstrain_clade,29833-,1,0,sars-cov-2-2020-2022
mds_label_for_Nextstrain_clade,29832-,1,0,sars-cov-2-2020-2022
mds_label_for_Nextstrain_clade,29831-,1,0,sars-cov-2-2020-2022
mds_label_for_Nextstrain_clade,29830-,1,0,sars-cov-2-2020-2022
mds_label_for_Nextstrain_clade,29829-,1,0,sars-cov-2-2020-2022
mds_label_for_Nextstrain_clade,29835-,1,0,sars-cov-2-2020-2022
mds_label_for_Nextstrain_clade,29828-,1,0,sars-cov-2-2020-2022
mds_label_for_Nextstrain_clade,29402T,2,"2,3",sars-cov-2-2020-2022
mds_label_for_Nextstrain_clade,29-,9,"0,1,10,2,3,4,5,7,9",sars-cov-2-2020-2022
mds_label_for_Nextstrain_clade,28977T,1,1,sars-cov-2-2020-2022
mds_label_for_Nextstrain_clade,28916T,1,3,sars-cov-2-2020-2022
mds_label_for_Nextstrain_clade,28887T,1,5,sars-cov-2-2020-2022
mds_label_for_Nextstrain_clade,28883C,7,"0,1,4,6,7,8,9",sars-cov-2-2020-2022
mds_label_for_Nextstrain_clade,28882A,7,"0,1,4,6,7,8,9",sars-cov-2-2020-2022
mds_label_for_Nextstrain_clade,29742T,2,"2,3",sars-cov-2-2020-2022
mds_label_for_Nextstrain_clade,29836-,1,0,sars-cov-2-2020-2022
mds_label_for_Nextstrain_clade,29837-,5,"0,1,2,3,9",sars-cov-2-2020-2022
mds_label_for_Nextstrain_clade,29838-,5,"0,1,2,3,9",sars-cov-2-2020-2022
mds_label_for_Nextstrain_clade,29855-,9,"0,1,10,2,3,4,5,7,9",sars-cov-2-2020-2022
mds_label_for_Nextstrain_clade,29854-,8,"0,1,10,2,3,5,7,9",sars-cov-2-2020-2022
mds_label_for_Nextstrain_clade,29853-,7,"0,1,10,2,3,7,9",sars-cov-2-2020-2022
mds_label_for_Nextstrain_clade,29852-,7,"0,1,10,2,3,7,9",sars-cov-2-2020-2022
mds_label_for_Nextstrain_clade,29851-,5,"0,1,2,3,9",sars-cov-2-2020-2022
mds_label_for_Nextstrain_clade,29850-,5,"0,1,2,3,9",sars-cov-2-2020-2022
mds_label_for_Nextstrain_clade,29849-,5,"0,1,2,3,9",sars-cov-2-2020-2022
mds_label_for_Nextstrain_clade,29848-,5,"0,1,2,3,9",sars-cov-2-2020-2022
mds_label_for_Nextstrain_clade,29847-,5,"0,1,2,3,9",sars-cov-2-2020-2022
mds_label_for_Nextstrain_clade,29846-,5,"0,1,2,3,9",sars-cov-2-2020-2022
mds_label_for_Nextstrain_clade,29845-,5,"0,1,2,3,9",sars-cov-2-2020-2022
mds_label_for_Nextstrain_clade,29844-,5,"0,1,2,3,9",sars-cov-2-2020-2022
mds_label_for_Nextstrain_clade,29843-,5,"0,1,2,3,9",sars-cov-2-2020-2022
mds_label_for_Nextstrain_clade,29842-,5,"0,1,2,3,9",sars-cov-2-2020-2022
mds_label_for_Nextstrain_clade,29841-,5,"0,1,2,3,9",sars-cov-2-2020-2022
mds_label_for_Nextstrain_clade,29840-,5,"0,1,2,3,9",sars-cov-2-2020-2022
mds_label_for_Nextstrain_clade,29839-,5,"0,1,2,3,9",sars-cov-2-2020-2022
mds_label_for_Nextstrain_clade,28881T,2,"2,3",sars-cov-2-2020-2022
mds_label_for_Nextstrain_clade,28881A,7,"0,1,4,6,7,8,9",sars-cov-2-2020-2022
mds_label_for_Nextstrain_clade,28878C,1,4,sars-cov-2-2020-2022
mds_label_for_Nextstrain_clade,28877T,1,4,sars-cov-2-2020-2022
mds_label_for_Nextstrain_clade,28251-,2,"2,3",sars-cov-2-2020-2022
mds_label_for_Nextstrain_clade,28250-,2,"2,3",sars-cov-2-2020-2022
mds_label_for_Nextstrain_clade,28249-,2,"2,3",sars-cov-2-2020-2022
mds_label_for_Nextstrain_clade,28248-,2,"2,3",sars-cov-2-2020-2022
mds_label_for_Nextstrain_clade,28167A,1,4,sars-cov-2-2020-2022
mds_label_for_Nextstrain_clade,28111G,1,1,sars-cov-2-2020-2022
mds_label_for_Nextstrain_clade,28048T,1,1,sars-cov-2-2020-2022
mds_label_for_Nextstrain_clade,28-,10,"0,1,10,2,3,4,5,7,8,9",sars-cov-2-2020-2022
mds_label_for_Nextstrain_clade,27972T,1,1,sars-cov-2-2020-2022
mds_label_for_Nextstrain_clade,27874T,1,3,sars-cov-2-2020-2022
mds_label_for_Nextstrain_clade,27807T,1,0,sars-cov-2-2020-2022
mds_label_for_Nextstrain_clade,27752T,2,"2,3",sars-cov-2-2020-2022
mds_label_for_Nextstrain_clade,27638C,2,"2,3",sars-cov-2-2020-2022
mds_label_for_Nextstrain_clade,2749T,1,4,sars-cov-2-2020-2022
mds_label_for_Nextstrain_clade,27259C,1,0,sars-cov-2-2020-2022
mds_label_for_Nextstrain_clade,27-,10,"0,1,10,2,3,4,5,7,8,9",sars-cov-2-2020-2022
mds_label_for_Nextstrain_clade,2692T,1,5,sars-cov-2-2020-2022
mds_label_for_Nextstrain_clade,28252-,2,"2,3",sars-cov-2-2020-2022
mds_label_for_Nextstrain_clade,29856-,9,"0,1,10,2,3,4,5,7,9",sars-cov-2-2020-2022
mds_label_for_Nextstrain_clade,28253-,2,"2,3",sars-cov-2-2020-2022
mds_label_for_Nextstrain_clade,28271-,3,"1,2,3",sars-cov-2-2020-2022
mds_label_for_Nextstrain_clade,28512G,1,4,sars-cov-2-2020-2022
mds_label_for_Nextstrain_clade,28461G,2,"2,3",sars-cov-2-2020-2022
mds_label_for_Nextstrain_clade,28370-,1,0,sars-cov-2-2020-2022
mds_label_for_Nextstrain_clade,28369-,1,0,sars-cov-2-2020-2022
mds_label_for_Nextstrain_clade,28368-,1,0,sars-cov-2-2020-2022
mds_label_for_Nextstrain_clade,28367-,1,0,sars-cov-2-2020-2022
mds_label_for_Nextstrain_clade,28366-,1,0,sars-cov-2-2020-2022
mds_label_for_Nextstrain_clade,28365-,1,0,sars-cov-2-2020-2022
mds_label_for_Nextstrain_clade,28364-,1,0,sars-cov-2-2020-2022
mds_label_for_Nextstrain_clade,28363-,1,0,sars-cov-2-2020-2022
mds_label_for_Nextstrain_clade,28362-,1,0,sars-cov-2-2020-2022
mds_label_for_Nextstrain_clade,2832G,1,0,sars-cov-2-2020-2022
mds_label_for_Nextstrain_clade,28311T,1,0,sars-cov-2-2020-2022
mds_label_for_Nextstrain_clade,28282A,1,1,sars-cov-2-2020-2022
mds_label_for_Nextstrain_clade,28281T,1,1,sars-cov-2-2020-2022
mds_label_for_Nextstrain_clade,28280C,1,1,sars-cov-2-2020-2022
mds_label_for_Nextstrain_clade,28271T,1,0,sars-cov-2-2020-2022
mds_label_for_Nextstrain_clade,28253T,1,5,sars-cov-2-2020-2022
mds_label_for_Nextstrain_clade,29857-,9,"0,1,10,2,3,4,5,7,9",sars-cov-2-2020-2022
mds_label_for_Nextstrain_clade,29858-,9,"0,1,10,2,3,4,5,7,9",sars-cov-2-2020-2022
mds_label_for_Nextstrain_clade,29859-,9,"0,1,10,2,3,4,5,7,9",sars-cov-2-2020-2022
mds_label_for_Nextstrain_clade,40-,3,"0,1,2",sars-cov-2-2020-2022
mds_label_for_Nextstrain_clade,4-,10,"0,1,10,2,3,4,5,7,8,9",sars-cov-2-2020-2022
mds_label_for_Nextstrain_clade,39-,6,"0,1,2,3,7,9",sars-cov-2-2020-2022
mds_label_for_Nextstrain_clade,3828T,1,4,sars-cov-2-2020-2022
mds_label_for_Nextstrain_clade,38-,9,"0,1,10,2,3,4,5,7,9",sars-cov-2-2020-2022
mds_label_for_Nextstrain_clade,37-,9,"0,1,10,2,3,4,5,7,9",sars-cov-2-2020-2022
mds_label_for_Nextstrain_clade,36-,9,"0,1,10,2,3,4,5,7,9",sars-cov-2-2020-2022
mds_label_for_Nextstrain_clade,35-,9,"0,1,10,2,3,4,5,7,9",sars-cov-2-2020-2022
mds_label_for_Nextstrain_clade,34-,9,"0,1,10,2,3,4,5,7,9",sars-cov-2-2020-2022
mds_label_for_Nextstrain_clade,33-,9,"0,1,10,2,3,4,5,7,9",sars-cov-2-2020-2022
mds_label_for_Nextstrain_clade,3267T,1,1,sars-cov-2-2020-2022
mds_label_for_Nextstrain_clade,32-,9,"0,1,10,2,3,4,5,7,9",sars-cov-2-2020-2022
mds_label_for_Nextstrain_clade,31-,9,"0,1,10,2,3,4,5,7,9",sars-cov-2-2020-2022
mds_label_for_Nextstrain_clade,30-,9,"0,1,10,2,3,4,5,7,9",sars-cov-2-2020-2022
mds_label_for_Nextstrain_clade,3-,10,"0,1,10,2,3,4,5,7,8,9",sars-cov-2-2020-2022
mds_label_for_Nextstrain_clade,29903-,10,"0,1,10,2,3,4,5,7,8,9",sars-cov-2-2020-2022
mds_label_for_Nextstrain_clade,29902-,10,"0,1,10,2,3,4,5,7,8,9",sars-cov-2-2020-2022
mds_label_for_Nextstrain_clade,41-,3,"0,1,2",sars-cov-2-2020-2022
mds_label_for_Nextstrain_clade,29901-,10,"0,1,10,2,3,4,5,7,8,9",sars-cov-2-2020-2022
mds_label_for_Nextstrain_clade,4181T,1,3,sars-cov-2-2020-2022
mds_label_for_Nextstrain_clade,43-,3,"0,1,2",sars-cov-2-2020-2022
mds_label_for_Nextstrain_clade,6402T,1,3,sars-cov-2-2020-2022
mds_label_for_Nextstrain_clade,6515-,1,0,sars-cov-2-2020-2022
mds_label_for_Nextstrain_clade,6-,10,"0,1,10,2,3,4,5,7,8,9",sars-cov-2-2020-2022
mds_label_for_Nextstrain_clade,5986T,1,1,sars-cov-2-2020-2022
mds_label_for_Nextstrain_clade,5648C,1,4,sars-cov-2-2020-2022
mds_label_for_Nextstrain_clade,5388A,1,1,sars-cov-2-2020-2022
mds_label_for_Nextstrain_clade,5386G,1,0,sars-cov-2-2020-2022
mds_label_for_Nextstrain_clade,5230T,1,5,sars-cov-2-2020-2022
mds_label_for_Nextstrain_clade,5184T,1,2,sars-cov-2-2020-2022
mds_label_for_Nextstrain_clade,50-,1,0,sars-cov-2-2020-2022
mds_label_for_Nextstrain_clade,5-,10,"0,1,10,2,3,4,5,7,8,9",sars-cov-2-2020-2022
mds_label_for_Nextstrain_clade,49-,2,"0,2",sars-cov-2-2020-2022
mds_label_for_Nextstrain_clade,48-,2,"0,2",sars-cov-2-2020-2022
mds_label_for_Nextstrain_clade,47-,2,"0,2",sars-cov-2-2020-2022
mds_label_for_Nextstrain_clade,46-,2,"0,2",sars-cov-2-2020-2022
mds_label_for_Nextstrain_clade,45-,2,"0,2",sars-cov-2-2020-2022
mds_label_for_Nextstrain_clade,44-,3,"0,1,2",sars-cov-2-2020-2022
mds_label_for_Nextstrain_clade,42-,3,"0,1,2",sars-cov-2-2020-2022
mds_label_for_Nextstrain_clade,26767C,2,"2,3",sars-cov-2-2020-2022
mds_label_for_Nextstrain_clade,29900-,10,"0,1,10,2,3,4,5,7,8,9",sars-cov-2-2020-2022
mds_label_for_Nextstrain_clade,29898-,10,"0,1,10,2,3,4,5,7,8,9",sars-cov-2-2020-2022
mds_label_for_Nextstrain_clade,29876-,10,"0,1,10,2,3,4,5,7,8,9",sars-cov-2-2020-2022
mds_label_for_Nextstrain_clade,29875-,10,"0,1,10,2,3,4,5,7,8,9",sars-cov-2-2020-2022
mds_label_for_Nextstrain_clade,29874-,10,"0,1,10,2,3,4,5,7,8,9",sars-cov-2-2020-2022
mds_label_for_Nextstrain_clade,29873-,10,"0,1,10,2,3,4,5,7,8,9",sars-cov-2-2020-2022
mds_label_for_Nextstrain_clade,29872-,10,"0,1,10,2,3,4,5,7,8,9",sars-cov-2-2020-2022
mds_label_for_Nextstrain_clade,29871-,10,"0,1,10,2,3,4,5,7,8,9",sars-cov-2-2020-2022
mds_label_for_Nextstrain_clade,29870-,10,"0,1,10,2,3,4,5,7,8,9",sars-cov-2-2020-2022
mds_label_for_Nextstrain_clade,29869-,10,"0,1,10,2,3,4,5,7,8,9",sars-cov-2-2020-2022
mds_label_for_Nextstrain_clade,29868-,10,"0,1,10,2,3,4,5,7,8,9",sars-cov-2-2020-2022
mds_label_for_Nextstrain_clade,29867-,9,"0,1,10,2,3,4,5,7,9",sars-cov-2-2020-2022
mds_label_for_Nextstrain_clade,29866-,9,"0,1,10,2,3,4,5,7,9",sars-cov-2-2020-2022
mds_label_for_Nextstrain_clade,29865-,9,"0,1,10,2,3,4,5,7,9",sars-cov-2-2020-2022
mds_label_for_Nextstrain_clade,29864-,9,"0,1,10,2,3,4,5,7,9",sars-cov-2-2020-2022
mds_label_for_Nextstrain_clade,29863-,9,"0,1,10,2,3,4,5,7,9",sars-cov-2-2020-2022
mds_label_for_Nextstrain_clade,29862-,9,"0,1,10,2,3,4,5,7,9",sars-cov-2-2020-2022
mds_label_for_Nextstrain_clade,29861-,9,"0,1,10,2,3,4,5,7,9",sars-cov-2-2020-2022
mds_label_for_Nextstrain_clade,29860-,9,"0,1,10,2,3,4,5,7,9",sars-cov-2-2020-2022
mds_label_for_Nextstrain_clade,29877-,10,"0,1,10,2,3,4,5,7,8,9",sars-cov-2-2020-2022
mds_label_for_Nextstrain_clade,29899-,10,"0,1,10,2,3,4,5,7,8,9",sars-cov-2-2020-2022
mds_label_for_Nextstrain_clade,29878-,10,"0,1,10,2,3,4,5,7,8,9",sars-cov-2-2020-2022
mds_label_for_Nextstrain_clade,29880-,10,"0,1,10,2,3,4,5,7,8,9",sars-cov-2-2020-2022
mds_label_for_Nextstrain_clade,29897-,10,"0,1,10,2,3,4,5,7,8,9",sars-cov-2-2020-2022
mds_label_for_Nextstrain_clade,29896-,10,"0,1,10,2,3,4,5,7,8,9",sars-cov-2-2020-2022
mds_label_for_Nextstrain_clade,29895-,10,"0,1,10,2,3,4,5,7,8,9",sars-cov-2-2020-2022
mds_label_for_Nextstrain_clade,29894-,10,"0,1,10,2,3,4,5,7,8,9",sars-cov-2-2020-2022
mds_label_for_Nextstrain_clade,29893-,10,"0,1,10,2,3,4,5,7,8,9",sars-cov-2-2020-2022
mds_label_for_Nextstrain_clade,29892-,10,"0,1,10,2,3,4,5,7,8,9",sars-cov-2-2020-2022
mds_label_for_Nextstrain_clade,29891-,10,"0,1,10,2,3,4,5,7,8,9",sars-cov-2-2020-2022
mds_label_for_Nextstrain_clade,29890-,10,"0,1,10,2,3,4,5,7,8,9",sars-cov-2-2020-2022
mds_label_for_Nextstrain_clade,29889-,10,"0,1,10,2,3,4,5,7,8,9",sars-cov-2-2020-2022
mds_label_for_Nextstrain_clade,29888-,10,"0,1,10,2,3,4,5,7,8,9",sars-cov-2-2020-2022
mds_label_for_Nextstrain_clade,29887-,10,"0,1,10,2,3,4,5,7,8,9",sars-cov-2-2020-2022
mds_label_for_Nextstrain_clade,29886-,10,"0,1,10,2,3,4,5,7,8,9",sars-cov-2-2020-2022
mds_label_for_Nextstrain_clade,29885-,10,"0,1,10,2,3,4,5,7,8,9",sars-cov-2-2020-2022
mds_label_for_Nextstrain_clade,29884-,10,"0,1,10,2,3,4,5,7,8,9",sars-cov-2-2020-2022
mds_label_for_Nextstrain_clade,29883-,10,"0,1,10,2,3,4,5,7,8,9",sars-cov-2-2020-2022
mds_label_for_Nextstrain_clade,29882-,10,"0,1,10,2,3,4,5,7,8,9",sars-cov-2-2020-2022
mds_label_for_Nextstrain_clade,29881-,10,"0,1,10,2,3,4,5,7,8,9",sars-cov-2-2020-2022
mds_label_for_Nextstrain_clade,29879-,10,"0,1,10,2,3,4,5,7,8,9",sars-cov-2-2020-2022
mds_label_for_Nextstrain_clade,6513-,1,0,sars-cov-2-2020-2022
mds_label_for_Nextstrain_clade,26709A,1,0,sars-cov-2-2020-2022
mds_label_for_Nextstrain_clade,26530G,1,0,sars-cov-2-2020-2022
mds_label_for_Nextstrain_clade,18-,10,"0,1,10,2,3,4,5,7,8,9",sars-cov-2-2020-2022
mds_label_for_Nextstrain_clade,174T,1,5,sars-cov-2-2020-2022
mds_label_for_Nextstrain_clade,17259T,1,4,sars-cov-2-2020-2022
mds_label_for_Nextstrain_clade,17-,10,"0,1,10,2,3,4,5,7,8,9",sars-cov-2-2020-2022
mds_label_for_Nextstrain_clade,16647T,1,7,sars-cov-2-2020-2022
mds_label_for_Nextstrain_clade,16466T,2,"2,3",sars-cov-2-2020-2022
mds_label_for_Nextstrain_clade,16176C,1,1,sars-cov-2-2020-2022
mds_label_for_Nextstrain_clade,18163G,1,0,sars-cov-2-2020-2022
mds_label_for_Nextstrain_clade,16-,10,"0,1,10,2,3,4,5,7,8,9",sars-cov-2-2020-2022
mds_label_for_Nextstrain_clade,15279T,1,1,sars-cov-2-2020-2022
mds_label_for_Nextstrain_clade,15240T,1,0,sars-cov-2-2020-2022
mds_label_for_Nextstrain_clade,15-,10,"0,1,10,2,3,4,5,7,8,9",sars-cov-2-2020-2022
mds_label_for_Nextstrain_clade,14676T,1,1,sars-cov-2-2020-2022
mds_label_for_Nextstrain_clade,14-,10,"0,1,10,2,3,4,5,7,8,9",sars-cov-2-2020-2022
mds_label_for_Nextstrain_clade,13860T,1,4,sars-cov-2-2020-2022
mds_label_for_Nextstrain_clade,13195C,1,0,sars-cov-2-2020-2022
mds_label_for_Nextstrain_clade,15451A,2,"2,3",sars-cov-2-2020-2022
mds_label_for_Nextstrain_clade,18555T,1,7,sars-cov-2-2020-2022
mds_label_for_Nextstrain_clade,19-,10,"0,1,10,2,3,4,5,7,8,9",sars-cov-2-2020-2022
mds_label_for_Nextstrain_clade,19220T,1,3,sars-cov-2-2020-2022
mds_label_for_Nextstrain_clade,21846T,1,0,sars-cov-2-2020-2022
mds_label_for_Nextstrain_clade,21801C,1,5,sars-cov-2-2020-2022
mds_label_for_Nextstrain_clade,21770-,2,"0,1",sars-cov-2-2020-2022
mds_label_for_Nextstrain_clade,21769-,2,"0,1",sars-cov-2-2020-2022
mds_label_for_Nextstrain_clade,21768-,2,"0,1",sars-cov-2-2020-2022
mds_label_for_Nextstrain_clade,21767-,2,"0,1",sars-cov-2-2020-2022
mds_label_for_Nextstrain_clade,21766-,2,"0,1",sars-cov-2-2020-2022
mds_label_for_Nextstrain_clade,21765-,2,"0,1",sars-cov-2-2020-2022
mds_label_for_Nextstrain_clade,21762T,1,0,sars-cov-2-2020-2022
mds_label_for_Nextstrain_clade,21638T,1,4,sars-cov-2-2020-2022
mds_label_for_Nextstrain_clade,21621A,1,4,sars-cov-2-2020-2022
mds_label_for_Nextstrain_clade,21618G,2,"2,3",sars-cov-2-2020-2022
mds_label_for_Nextstrain_clade,21614T,1,4,sars-cov-2-2020-2022
mds_label_for_Nextstrain_clade,210T,2,"2,3",sars-cov-2-2020-2022
mds_label_for_Nextstrain_clade,21-,10,"0,1,10,2,3,4,5,7,8,9",sars-cov-2-2020-2022
mds_label_for_Nextstrain_clade,20-,10,"0,1,10,2,3,4,5,7,8,9",sars-cov-2-2020-2022
mds_label_for_Nextstrain_clade,2-,10,"0,1,10,2,3,4,5,7,8,9",sars-cov-2-2020-2022
mds_label_for_Nextstrain_clade,13019T,1,2,sars-cov-2-2020-2022
mds_label_for_Nextstrain_clade,13-,10,"0,1,10,2,3,4,5,7,8,9",sars-cov-2-2020-2022
mds_label_for_Nextstrain_clade,12778T,1,4,sars-cov-2-2020-2022
mds_label_for_Nextstrain_clade,12-,10,"0,1,10,2,3,4,5,7,8,9",sars-cov-2-2020-2022
mds_label_for_Nextstrain_clade,10323G,1,5,sars-cov-2-2020-2022
mds_label_for_Nextstrain_clade,10029T,2,"0,3",sars-cov-2-2020-2022
mds_label_for_Nextstrain_clade,10-,10,"0,1,10,2,3,4,5,7,8,9",sars-cov-2-2020-2022
mds_label_for_Nextstrain_clade,1-,10,"0,1,10,2,3,4,5,7,8,9",sars-cov-2-2020-2022
mds_label_for_Nextstrain_clade,6613G,1,4,sars-cov-2-2020-2022
mds_label_for_Nextstrain_clade,6954C,1,1,sars-cov-2-2020-2022
mds_label_for_Nextstrain_clade,7-,10,"0,1,10,2,3,4,5,7,8,9",sars-cov-2-2020-2022
mds_label_for_Nextstrain_clade,7124T,1,3,sars-cov-2-2020-2022
mds_label_for_Nextstrain_clade,733C,1,4,sars-cov-2-2020-2022
mds_label_for_Nextstrain_clade,7540C,1,7,sars-cov-2-2020-2022
mds_label_for_Nextstrain_clade,8-,10,"0,1,10,2,3,4,5,7,8,9",sars-cov-2-2020-2022
mds_label_for_Nextstrain_clade,8393A,1,0,sars-cov-2-2020-2022
mds_label_for_Nextstrain_clade,8986T,1,3,sars-cov-2-2020-2022
mds_label_for_Nextstrain_clade,9-,10,"0,1,10,2,3,4,5,7,8,9",sars-cov-2-2020-2022
mds_label_for_Nextstrain_clade,9053T,1,3,sars-cov-2-2020-2022
mds_label_for_Nextstrain_clade,913T,1,1,sars-cov-2-2020-2022
mds_label_for_Nextstrain_clade,9891T,1,2,sars-cov-2-2020-2022
mds_label_for_Nextstrain_clade,10449A,1,0,sars-cov-2-2020-2022
mds_label_for_Nextstrain_clade,21974T,1,4,sars-cov-2-2020-2022
mds_label_for_Nextstrain_clade,1059T,1,5,sars-cov-2-2020-2022
mds_label_for_Nextstrain_clade,11201G,1,3,sars-cov-2-2020-2022
mds_label_for_Nextstrain_clade,1163T,1,7,sars-cov-2-2020-2022
mds_label_for_Nextstrain_clade,11537G,1,0,sars-cov-2-2020-2022
mds_label_for_Nextstrain_clade,11514T,1,2,sars-cov-2-2020-2022
mds_label_for_Nextstrain_clade,11418C,1,2,sars-cov-2-2020-2022
mds_label_for_Nextstrain_clade,11332G,1,3,sars-cov-2-2020-2022
mds_label_for_Nextstrain_clade,11296-,3,"1,4,5",sars-cov-2-2020-2022
mds_label_for_Nextstrain_clade,11295-,3,"1,4,5",sars-cov-2-2020-2022
mds_label_for_Nextstrain_clade,11294-,3,"1,4,5",sars-cov-2-2020-2022
mds_label_for_Nextstrain_clade,11293-,4,"0,1,4,5",sars-cov-2-2020-2022
mds_label_for_Nextstrain_clade,11292-,4,"0,1,4,5",sars-cov-2-2020-2022
mds_label_for_Nextstrain_clade,11291-,4,"0,1,4,5",sars-cov-2-2020-2022
mds_label_for_Nextstrain_clade,11290-,4,"0,1,4,5",sars-cov-2-2020-2022
mds_label_for_Nextstrain_clade,11289-,4,"0,1,4,5",sars-cov-2-2020-2022
mds_label_for_Nextstrain_clade,11288-,4,"0,1,4,5",sars-cov-2-2020-2022
mds_label_for_Nextstrain_clade,11287-,1,0,sars-cov-2-2020-2022
mds_label_for_Nextstrain_clade,11286-,1,0,sars-cov-2-2020-2022
mds_label_for_Nextstrain_clade,11285-,1,0,sars-cov-2-2020-2022
mds_label_for_Nextstrain_clade,11-,10,"0,1,10,2,3,4,5,7,8,9",sars-cov-2-2020-2022
mds_label_for_Nextstrain_clade,21987-,1,0,sars-cov-2-2020-2022
mds_label_for_Nextstrain_clade,21987A,2,"2,3",sars-cov-2-2020-2022
mds_label_for_Nextstrain_clade,21988-,1,0,sars-cov-2-2020-2022
mds_label_for_Nextstrain_clade,23854A,1,0,sars-cov-2-2020-2022
mds_label_for_Nextstrain_clade,23709T,1,1,sars-cov-2-2020-2022
mds_label_for_Nextstrain_clade,23664T,1,5,sars-cov-2-2020-2022
mds_label_for_Nextstrain_clade,23604G,2,"2,3",sars-cov-2-2020-2022
mds_label_for_Nextstrain_clade,23604A,2,"0,1",sars-cov-2-2020-2022
mds_label_for_Nextstrain_clade,23599G,1,0,sars-cov-2-2020-2022
mds_label_for_Nextstrain_clade,23525T,2,"0,4",sars-cov-2-2020-2022
mds_label_for_Nextstrain_clade,23401A,1,7,sars-cov-2-2020-2022
mds_label_for_Nextstrain_clade,23271A,1,1,sars-cov-2-2020-2022
mds_label_for_Nextstrain_clade,23202A,1,0,sars-cov-2-2020-2022
mds_label_for_Nextstrain_clade,23075C,1,0,sars-cov-2-2020-2022
mds_label_for_Nextstrain_clade,23063T,4,"0,1,4,5",sars-cov-2-2020-2022
mds_label_for_Nextstrain_clade,23055G,1,0,sars-cov-2-2020-2022
mds_label_for_Nextstrain_clade,23048A,1,0,sars-cov-2-2020-2022
mds_label_for_Nextstrain_clade,23040G,1,0,sars-cov-2-2020-2022
mds_label_for_Nextstrain_clade,23013C,1,0,sars-cov-2-2020-2022
mds_label_for_Nextstrain_clade,23012A,3,"4,5,6",sars-cov-2-2020-2022
mds_label_for_Nextstrain_clade,23948T,1,0,sars-cov-2-2020-2022
mds_label_for_Nextstrain_clade,23-,10,"0,1,10,2,3,4,5,7,8,9",sars-cov-2-2020-2022
mds_label_for_Nextstrain_clade,24-,10,"0,1,10,2,3,4,5,7,8,9",sars-cov-2-2020-2022
mds_label_for_Nextstrain_clade,24410A,2,"2,3",sars-cov-2-2020-2022
mds_label_for_Nextstrain_clade,26456T,1,5,sars-cov-2-2020-2022
mds_label_for_Nextstrain_clade,26270T,1,0,sars-cov-2-2020-2022
mds_label_for_Nextstrain_clade,26149C,1,4,sars-cov-2-2020-2022
mds_label_for_Nextstrain_clade,26-,10,"0,1,10,2,3,4,5,7,8,9",sars-cov-2-2020-2022
mds_label_for_Nextstrain_clade,25904T,1,5,sars-cov-2-2020-2022
mds_label_for_Nextstrain_clade,25584T,1,0,sars-cov-2-2020-2022
mds_label_for_Nextstrain_clade,25563T,1,5,sars-cov-2-2020-2022
mds_label_for_Nextstrain_clade,25469T,2,"2,3",sars-cov-2-2020-2022
mds_label_for_Nextstrain_clade,25088T,1,4,sars-cov-2-2020-2022
mds_label_for_Nextstrain_clade,25000T,1,0,sars-cov-2-2020-2022
mds_label_for_Nextstrain_clade,25-,10,"0,1,10,2,3,4,5,7,8,9",sars-cov-2-2020-2022
mds_label_for_Nextstrain_clade,24914C,1,1,sars-cov-2-2020-2022
mds_label_for_Nextstrain_clade,24642T,1,4,sars-cov-2-2020-2022
mds_label_for_Nextstrain_clade,24506G,1,1,sars-cov-2-2020-2022
mds_label_for_Nextstrain_clade,24503T,1,0,sars-cov-2-2020-2022
mds_label_for_Nextstrain_clade,24469A,1,0,sars-cov-2-2020-2022
mds_label_for_Nextstrain_clade,24424T,1,0,sars-cov-2-2020-2022
mds_label_for_Nextstrain_clade,24130A,1,0,sars-cov-2-2020-2022
mds_label_for_Nextstrain_clade,26577G,1,0,sars-cov-2-2020-2022
mds_label_for_Nextstrain_clade,22995A,3,"0,2,3",sars-cov-2-2020-2022
mds_label_for_Nextstrain_clade,22917G,2,"2,3",sars-cov-2-2020-2022
mds_label_for_Nextstrain_clade,22195-,1,0,sars-cov-2-2020-2022
mds_label_for_Nextstrain_clade,22194-,1,0,sars-cov-2-2020-2022
mds_label_for_Nextstrain_clade,22132T,1,4,sars-cov-2-2020-2022
mds_label_for_Nextstrain_clade,22034-,2,"2,3",sars-cov-2-2020-2022
mds_label_for_Nextstrain_clade,22033-,2,"2,3",sars-cov-2-2020-2022
mds_label_for_Nextstrain_clade,22032-,2,"2,3",sars-cov-2-2020-2022
mds_label_for_Nextstrain_clade,22031-,2,"2,3",sars-cov-2-2020-2022
mds_label_for_Nextstrain_clade,22030-,2,"2,3",sars-cov-2-2020-2022
mds_label_for_Nextstrain_clade,22029-,2,"2,3",sars-cov-2-2020-2022
mds_label_for_Nextstrain_clade,22-,10,"0,1,10,2,3,4,5,7,8,9",sars-cov-2-2020-2022
mds_label_for_Nextstrain_clade,21995-,1,0,sars-cov-2-2020-2022
mds_label_for_Nextstrain_clade,21994-,2,"0,1",sars-cov-2-2020-2022
mds_label_for_Nextstrain_clade,21993-,2,"0,1",sars-cov-2-2020-2022
mds_label_for_Nextstrain_clade,21992-,2,"0,1",sars-cov-2-2020-2022
mds_label_for_Nextstrain_clade,21991-,1,0,sars-cov-2-2020-2022
mds_label_for_Nextstrain_clade,21990-,1,0,sars-cov-2-2020-2022
mds_label_for_Nextstrain_clade,21989-,1,0,sars-cov-2-2020-2022
mds_label_for_Nextstrain_clade,22196-,1,0,sars-cov-2-2020-2022
mds_label_for_Nextstrain_clade,22992A,2,"0,7",sars-cov-2-2020-2022
mds_label_for_Nextstrain_clade,22206G,1,5,sars-cov-2-2020-2022
mds_label_for_Nextstrain_clade,22283-,1,5,sars-cov-2-2020-2022
mds_label_for_Nextstrain_clade,22898A,1,0,sars-cov-2-2020-2022
mds_label_for_Nextstrain_clade,22882G,1,0,sars-cov-2-2020-2022
mds_label_for_Nextstrain_clade,22813T,2,"0,5",sars-cov-2-2020-2022
mds_label_for_Nextstrain_clade,22812C,1,4,sars-cov-2-2020-2022
mds_label_for_Nextstrain_clade,22686T,1,0,sars-cov-2-2020-2022
mds_label_for_Nextstrain_clade,22679C,1,0,sars-cov-2-2020-2022
mds_label_for_Nextstrain_clade,22674T,1,0,sars-cov-2-2020-2022
mds_label_for_Nextstrain_clade,22673C,1,0,sars-cov-2-2020-2022
mds_label_for_Nextstrain_clade,22578A,1,0,sars-cov-2-2020-2022
mds_label_for_Nextstrain_clade,22291-,1,5,sars-cov-2-2020-2022
mds_label_for_Nextstrain_clade,22290-,1,5,sars-cov-2-2020-2022
mds_label_for_Nextstrain_clade,22289-,1,5,sars-cov-2-2020-2022
mds_label_for_Nextstrain_clade,22288-,1,5,sars-cov-2-2020-2022
mds_label_for_Nextstrain_clade,22287-,1,5,sars-cov-2-2020-2022
mds_label_for_Nextstrain_clade,22286-,1,5,sars-cov-2-2020-2022
mds_label_for_Nextstrain_clade,22285-,1,5,sars-cov-2-2020-2022
mds_label_for_Nextstrain_clade,22284-,1,5,sars-cov-2-2020-2022
mds_label_for_Nextstrain_clade,22227T,1,2,sars-cov-2-2020-2022
mds_label_for_Nextstrain_clade,6514-,1,0,sars-cov-2-2020-2022
pca_label_for_Nextstrain_clade,241T,1,1,sars-cov-2-2020-2022
pca_label_for_Nextstrain_clade,39-,1,1,sars-cov-2-2020-2022
pca_label_for_Nextstrain_clade,29837-,1,0,sars-cov-2-2020-2022
pca_label_for_Nextstrain_clade,29838-,1,0,sars-cov-2-2020-2022
pca_label_for_Nextstrain_clade,29839-,1,0,sars-cov-2-2020-2022
pca_label_for_Nextstrain_clade,29841-,1,0,sars-cov-2-2020-2022
pca_label_for_Nextstrain_clade,3037T,1,1,sars-cov-2-2020-2022
pca_label_for_Nextstrain_clade,29840-,1,0,sars-cov-2-2020-2022
pca_label_for_Nextstrain_clade,34-,1,1,sars-cov-2-2020-2022
pca_label_for_Nextstrain_clade,35-,1,1,sars-cov-2-2020-2022
pca_label_for_Nextstrain_clade,36-,1,1,sars-cov-2-2020-2022
pca_label_for_Nextstrain_clade,37-,1,1,sars-cov-2-2020-2022
pca_label_for_Nextstrain_clade,38-,1,1,sars-cov-2-2020-2022
pca_label_for_Nextstrain_clade,33-,1,1,sars-cov-2-2020-2022
t-sne_label_for_Nextstrain_clade,29811-,1,9,sars-cov-2-2020-2022
t-sne_label_for_Nextstrain_clade,29806-,1,9,sars-cov-2-2020-2022
t-sne_label_for_Nextstrain_clade,29807-,1,9,sars-cov-2-2020-2022
t-sne_label_for_Nextstrain_clade,29808-,1,9,sars-cov-2-2020-2022
t-sne_label_for_Nextstrain_clade,29809-,1,9,sars-cov-2-2020-2022
t-sne_label_for_Nextstrain_clade,29810-,1,9,sars-cov-2-2020-2022
t-sne_label_for_Nextstrain_clade,29812-,1,9,sars-cov-2-2020-2022
t-sne_label_for_Nextstrain_clade,29819-,1,9,sars-cov-2-2020-2022
t-sne_label_for_Nextstrain_clade,29814-,1,9,sars-cov-2-2020-2022
t-sne_label_for_Nextstrain_clade,29815-,1,9,sars-cov-2-2020-2022
t-sne_label_for_Nextstrain_clade,29816-,1,9,sars-cov-2-2020-2022
t-sne_label_for_Nextstrain_clade,29817-,1,9,sars-cov-2-2020-2022
t-sne_label_for_Nextstrain_clade,29818-,1,9,sars-cov-2-2020-2022
t-sne_label_for_Nextstrain_clade,29805-,1,9,sars-cov-2-2020-2022
t-sne_label_for_Nextstrain_clade,29820-,1,9,sars-cov-2-2020-2022
t-sne_label_for_Nextstrain_clade,29813-,1,9,sars-cov-2-2020-2022
t-sne_label_for_Nextstrain_clade,29804-,1,9,sars-cov-2-2020-2022
t-sne_label_for_Nextstrain_clade,29797-,1,9,sars-cov-2-2020-2022
t-sne_label_for_Nextstrain_clade,29802-,1,9,sars-cov-2-2020-2022
t-sne_label_for_Nextstrain_clade,29786-,1,9,sars-cov-2-2020-2022
t-sne_label_for_Nextstrain_clade,29787-,1,9,sars-cov-2-2020-2022
t-sne_label_for_Nextstrain_clade,29788-,1,9,sars-cov-2-2020-2022
t-sne_label_for_Nextstrain_clade,29789-,1,9,sars-cov-2-2020-2022
t-sne_label_for_Nextstrain_clade,29790-,1,9,sars-cov-2-2020-2022
t-sne_label_for_Nextstrain_clade,29791-,1,9,sars-cov-2-2020-2022
t-sne_label_for_Nextstrain_clade,29792-,1,9,sars-cov-2-2020-2022
t-sne_label_for_Nextstrain_clade,29803-,1,9,sars-cov-2-2020-2022
t-sne_label_for_Nextstrain_clade,29793-,1,9,sars-cov-2-2020-2022
t-sne_label_for_Nextstrain_clade,29795-,1,9,sars-cov-2-2020-2022
t-sne_label_for_Nextstrain_clade,29796-,1,9,sars-cov-2-2020-2022
t-sne_label_for_Nextstrain_clade,29821-,1,9,sars-cov-2-2020-2022
t-sne_label_for_Nextstrain_clade,29798-,1,9,sars-cov-2-2020-2022
t-sne_label_for_Nextstrain_clade,29799-,1,9,sars-cov-2-2020-2022
t-sne_label_for_Nextstrain_clade,29800-,1,9,sars-cov-2-2020-2022
t-sne_label_for_Nextstrain_clade,29801-,1,9,sars-cov-2-2020-2022
t-sne_label_for_Nextstrain_clade,29794-,1,9,sars-cov-2-2020-2022
t-sne_label_for_Nextstrain_clade,29822-,1,9,sars-cov-2-2020-2022
t-sne_label_for_Nextstrain_clade,29828-,2,"1,9",sars-cov-2-2020-2022
t-sne_label_for_Nextstrain_clade,29824-,1,9,sars-cov-2-2020-2022
t-sne_label_for_Nextstrain_clade,29844-,9,"0,1,14,15,18,4,5,7,9",sars-cov-2-2020-2022
t-sne_label_for_Nextstrain_clade,29845-,9,"0,1,14,15,18,4,5,7,9",sars-cov-2-2020-2022
t-sne_label_for_Nextstrain_clade,29846-,9,"0,1,14,15,18,4,5,7,9",sars-cov-2-2020-2022
t-sne_label_for_Nextstrain_clade,29847-,9,"0,1,14,15,18,4,5,7,9",sars-cov-2-2020-2022
t-sne_label_for_Nextstrain_clade,29848-,10,"0,1,13,14,15,18,4,5,7,9",sars-cov-2-2020-2022
t-sne_label_for_Nextstrain_clade,29849-,10,"0,1,13,14,15,18,4,5,7,9",sars-cov-2-2020-2022
t-sne_label_for_Nextstrain_clade,29850-,10,"0,1,13,14,15,18,4,5,7,9",sars-cov-2-2020-2022
t-sne_label_for_Nextstrain_clade,29851-,10,"0,1,13,14,15,18,4,5,7,9",sars-cov-2-2020-2022
t-sne_label_for_Nextstrain_clade,29852-,11,"0,1,13,14,15,18,4,5,7,8,9",sars-cov-2-2020-2022
t-sne_label_for_Nextstrain_clade,29853-,11,"0,1,13,14,15,18,4,5,7,8,9",sars-cov-2-2020-2022
t-sne_label_for_Nextstrain_clade,29854-,12,"0,1,13,14,15,18,3,4,5,7,8,9",sars-cov-2-2020-2022
t-sne_label_for_Nextstrain_clade,29855-,14,"0,1,12,13,14,15,18,2,3,4,5,7,8,9",sars-cov-2-2020-2022
t-sne_label_for_Nextstrain_clade,29856-,14,"0,1,12,13,14,15,18,2,3,4,5,7,8,9",sars-cov-2-2020-2022
t-sne_label_for_Nextstrain_clade,29857-,14,"0,1,12,13,14,15,18,2,3,4,5,7,8,9",sars-cov-2-2020-2022
t-sne_label_for_Nextstrain_clade,29858-,14,"0,1,12,13,14,15,18,2,3,4,5,7,8,9",sars-cov-2-2020-2022
t-sne_label_for_Nextstrain_clade,29843-,8,"0,1,14,15,18,4,7,9",sars-cov-2-2020-2022
t-sne_label_for_Nextstrain_clade,29842-,8,"0,1,14,15,18,4,7,9",sars-cov-2-2020-2022
t-sne_label_for_Nextstrain_clade,29841-,7,"0,1,15,18,4,7,9",sars-cov-2-2020-2022
t-sne_label_for_Nextstrain_clade,29840-,7,"0,1,15,18,4,7,9",sars-cov-2-2020-2022
t-sne_label_for_Nextstrain_clade,29825-,1,9,sars-cov-2-2020-2022
t-sne_label_for_Nextstrain_clade,29826-,1,9,sars-cov-2-2020-2022
t-sne_label_for_Nextstrain_clade,29827-,1,9,sars-cov-2-2020-2022
t-sne_label_for_Nextstrain_clade,29785-,1,9,sars-cov-2-2020-2022
t-sne_label_for_Nextstrain_clade,29829-,2,"1,9",sars-cov-2-2020-2022
t-sne_label_for_Nextstrain_clade,29830-,2,"1,9",sars-cov-2-2020-2022
t-sne_label_for_Nextstrain_clade,29831-,2,"1,9",sars-cov-2-2020-2022
t-sne_label_for_Nextstrain_clade,29823-,1,9,sars-cov-2-2020-2022
t-sne_label_for_Nextstrain_clade,29832-,2,"1,9",sars-cov-2-2020-2022
t-sne_label_for_Nextstrain_clade,29834-,2,"1,9",sars-cov-2-2020-2022
t-sne_label_for_Nextstrain_clade,29834A,1,2,sars-cov-2-2020-2022
t-sne_label_for_Nextstrain_clade,29835-,2,"1,9",sars-cov-2-2020-2022
t-sne_label_for_Nextstrain_clade,29836-,2,"1,9",sars-cov-2-2020-2022
t-sne_label_for_Nextstrain_clade,29837-,7,"0,1,15,18,4,7,9",sars-cov-2-2020-2022
t-sne_label_for_Nextstrain_clade,29838-,7,"0,1,15,18,4,7,9",sars-cov-2-2020-2022
t-sne_label_for_Nextstrain_clade,29839-,7,"0,1,15,18,4,7,9",sars-cov-2-2020-2022
t-sne_label_for_Nextstrain_clade,29833-,2,"1,9",sars-cov-2-2020-2022
t-sne_label_for_Nextstrain_clade,29784-,1,9,sars-cov-2-2020-2022
t-sne_label_for_Nextstrain_clade,29777-,1,9,sars-cov-2-2020-2022
t-sne_label_for_Nextstrain_clade,29782-,1,9,sars-cov-2-2020-2022
t-sne_label_for_Nextstrain_clade,28881A,8,"0,1,10,14,15,2,8,9",sars-cov-2-2020-2022
t-sne_label_for_Nextstrain_clade,28881T,4,"4,5,6,7",sars-cov-2-2020-2022
t-sne_label_for_Nextstrain_clade,28882A,8,"0,1,10,14,15,2,8,9",sars-cov-2-2020-2022
t-sne_label_for_Nextstrain_clade,28883C,8,"0,1,10,14,15,2,8,9",sars-cov-2-2020-2022
t-sne_label_for_Nextstrain_clade,28887T,2,"17,3",sars-cov-2-2020-2022
t-sne_label_for_Nextstrain_clade,28916T,2,"6,7",sars-cov-2-2020-2022
t-sne_label_for_Nextstrain_clade,28932T,1,16,sars-cov-2-2020-2022
t-sne_label_for_Nextstrain_clade,28975T,1,9,sars-cov-2-2020-2022
t-sne_label_for_Nextstrain_clade,28977T,1,0,sars-cov-2-2020-2022
t-sne_label_for_Nextstrain_clade,29-,14,"0,1,13,14,15,18,2,3,4,5,6,7,8,9",sars-cov-2-2020-2022
t-sne_label_for_Nextstrain_clade,29362T,1,17,sars-cov-2-2020-2022
t-sne_label_for_Nextstrain_clade,29402T,4,"4,5,6,7",sars-cov-2-2020-2022
t-sne_label_for_Nextstrain_clade,29645T,1,16,sars-cov-2-2020-2022
t-sne_label_for_Nextstrain_clade,29692T,1,10,sars-cov-2-2020-2022
t-sne_label_for_Nextstrain_clade,29742-,1,9,sars-cov-2-2020-2022
t-sne_label_for_Nextstrain_clade,28878C,1,2,sars-cov-2-2020-2022
t-sne_label_for_Nextstrain_clade,28877T,1,2,sars-cov-2-2020-2022
t-sne_label_for_Nextstrain_clade,28869T,1,13,sars-cov-2-2020-2022
t-sne_label_for_Nextstrain_clade,28725T,1,10,sars-cov-2-2020-2022
t-sne_label_for_Nextstrain_clade,28282A,1,0,sars-cov-2-2020-2022
t-sne_label_for_Nextstrain_clade,28311T,1,1,sars-cov-2-2020-2022
t-sne_label_for_Nextstrain_clade,2832G,1,1,sars-cov-2-2020-2022
t-sne_label_for_Nextstrain_clade,28362-,1,1,sars-cov-2-2020-2022
t-sne_label_for_Nextstrain_clade,28363-,1,1,sars-cov-2-2020-2022
t-sne_label_for_Nextstrain_clade,28364-,1,1,sars-cov-2-2020-2022
t-sne_label_for_Nextstrain_clade,28365-,1,1,sars-cov-2-2020-2022
t-sne_label_for_Nextstrain_clade,29742T,4,"4,5,6,7",sars-cov-2-2020-2022
t-sne_label_for_Nextstrain_clade,28366-,1,1,sars-cov-2-2020-2022
t-sne_label_for_Nextstrain_clade,28368-,1,1,sars-cov-2-2020-2022
t-sne_label_for_Nextstrain_clade,28369-,1,1,sars-cov-2-2020-2022
t-sne_label_for_Nextstrain_clade,28370-,1,1,sars-cov-2-2020-2022
t-sne_label_for_Nextstrain_clade,28461G,4,"4,5,6,7",sars-cov-2-2020-2022
t-sne_label_for_Nextstrain_clade,28472T,1,13,sars-cov-2-2020-2022
t-sne_label_for_Nextstrain_clade,28512G,1,2,sars-cov-2-2020-2022
t-sne_label_for_Nextstrain_clade,28628T,1,9,sars-cov-2-2020-2022
t-sne_label_for_Nextstrain_clade,28367-,1,1,sars-cov-2-2020-2022
t-sne_label_for_Nextstrain_clade,29743-,1,9,sars-cov-2-2020-2022
t-sne_label_for_Nextstrain_clade,29744-,1,9,sars-cov-2-2020-2022
t-sne_label_for_Nextstrain_clade,29745-,1,9,sars-cov-2-2020-2022
t-sne_label_for_Nextstrain_clade,29766-,1,9,sars-cov-2-2020-2022
t-sne_label_for_Nextstrain_clade,29767-,1,9,sars-cov-2-2020-2022
t-sne_label_for_Nextstrain_clade,29768-,1,9,sars-cov-2-2020-2022
t-sne_label_for_Nextstrain_clade,29769-,1,9,sars-cov-2-2020-2022
t-sne_label_for_Nextstrain_clade,29770-,1,9,sars-cov-2-2020-2022
t-sne_label_for_Nextstrain_clade,29771-,1,9,sars-cov-2-2020-2022
t-sne_label_for_Nextstrain_clade,29772-,1,9,sars-cov-2-2020-2022
t-sne_label_for_Nextstrain_clade,29765-,1,9,sars-cov-2-2020-2022
t-sne_label_for_Nextstrain_clade,29773-,1,9,sars-cov-2-2020-2022
t-sne_label_for_Nextstrain_clade,29775-,1,9,sars-cov-2-2020-2022
t-sne_label_for_Nextstrain_clade,29776-,1,9,sars-cov-2-2020-2022
t-sne_label_for_Nextstrain_clade,29859-,14,"0,1,12,13,14,15,18,2,3,4,5,7,8,9",sars-cov-2-2020-2022
t-sne_label_for_Nextstrain_clade,29778-,1,9,sars-cov-2-2020-2022
t-sne_label_for_Nextstrain_clade,29779-,1,9,sars-cov-2-2020-2022
t-sne_label_for_Nextstrain_clade,29780-,1,9,sars-cov-2-2020-2022
t-sne_label_for_Nextstrain_clade,29781-,1,9,sars-cov-2-2020-2022
t-sne_label_for_Nextstrain_clade,29774-,1,9,sars-cov-2-2020-2022
t-sne_label_for_Nextstrain_clade,29783-,1,9,sars-cov-2-2020-2022
t-sne_label_for_Nextstrain_clade,29764-,1,9,sars-cov-2-2020-2022
t-sne_label_for_Nextstrain_clade,29762-,1,9,sars-cov-2-2020-2022
t-sne_label_for_Nextstrain_clade,29746-,1,9,sars-cov-2-2020-2022
t-sne_label_for_Nextstrain_clade,29747-,1,9,sars-cov-2-2020-2022
t-sne_label_for_Nextstrain_clade,29748-,1,9,sars-cov-2-2020-2022
t-sne_label_for_Nextstrain_clade,29749-,1,9,sars-cov-2-2020-2022
t-sne_label_for_Nextstrain_clade,29750-,1,9,sars-cov-2-2020-2022
t-sne_label_for_Nextstrain_clade,29751-,1,9,sars-cov-2-2020-2022
t-sne_label_for_Nextstrain_clade,29752-,1,9,sars-cov-2-2020-2022
t-sne_label_for_Nextstrain_clade,29763-,1,9,sars-cov-2-2020-2022
t-sne_label_for_Nextstrain_clade,29753-,1,9,sars-cov-2-2020-2022
t-sne_label_for_Nextstrain_clade,29755-,1,9,sars-cov-2-2020-2022
t-sne_label_for_Nextstrain_clade,29756-,1,9,sars-cov-2-2020-2022
t-sne_label_for_Nextstrain_clade,29757-,1,9,sars-cov-2-2020-2022
t-sne_label_for_Nextstrain_clade,29758-,1,9,sars-cov-2-2020-2022
t-sne_label_for_Nextstrain_clade,29759-,1,9,sars-cov-2-2020-2022
t-sne_label_for_Nextstrain_clade,29760-,1,9,sars-cov-2-2020-2022
t-sne_label_for_Nextstrain_clade,29761-,1,9,sars-cov-2-2020-2022
t-sne_label_for_Nextstrain_clade,29754-,1,9,sars-cov-2-2020-2022
t-sne_label_for_Nextstrain_clade,29860-,14,"0,1,12,13,14,15,18,2,3,4,5,7,8,9",sars-cov-2-2020-2022
t-sne_label_for_Nextstrain_clade,29867-,15,"0,1,12,13,14,15,18,2,3,4,5,6,7,8,9",sars-cov-2-2020-2022
t-sne_label_for_Nextstrain_clade,29862-,14,"0,1,12,13,14,15,18,2,3,4,5,7,8,9",sars-cov-2-2020-2022
t-sne_label_for_Nextstrain_clade,64-,1,9,sars-cov-2-2020-2022
t-sne_label_for_Nextstrain_clade,6402T,2,"6,7",sars-cov-2-2020-2022
t-sne_label_for_Nextstrain_clade,65-,1,9,sars-cov-2-2020-2022
t-sne_label_for_Nextstrain_clade,6513-,1,1,sars-cov-2-2020-2022
t-sne_label_for_Nextstrain_clade,6514-,1,1,sars-cov-2-2020-2022
t-sne_label_for_Nextstrain_clade,6515-,1,1,sars-cov-2-2020-2022
t-sne_label_for_Nextstrain_clade,66-,1,9,sars-cov-2-2020-2022
t-sne_label_for_Nextstrain_clade,6613G,1,2,sars-cov-2-2020-2022
t-sne_label_for_Nextstrain_clade,67-,1,9,sars-cov-2-2020-2022
t-sne_label_for_Nextstrain_clade,68-,1,9,sars-cov-2-2020-2022
t-sne_label_for_Nextstrain_clade,69-,1,9,sars-cov-2-2020-2022
t-sne_label_for_Nextstrain_clade,6954C,1,0,sars-cov-2-2020-2022
t-sne_label_for_Nextstrain_clade,7-,16,"0,1,11,12,13,14,15,18,2,3,4,5,6,7,8,9",sars-cov-2-2020-2022
t-sne_label_for_Nextstrain_clade,70-,1,9,sars-cov-2-2020-2022
t-sne_label_for_Nextstrain_clade,71-,1,9,sars-cov-2-2020-2022
t-sne_label_for_Nextstrain_clade,6319G,1,2,sars-cov-2-2020-2022
t-sne_label_for_Nextstrain_clade,63-,1,9,sars-cov-2-2020-2022
t-sne_label_for_Nextstrain_clade,6286T,1,16,sars-cov-2-2020-2022
t-sne_label_for_Nextstrain_clade,62-,1,9,sars-cov-2-2020-2022
t-sne_label_for_Nextstrain_clade,53-,2,"4,9",sars-cov-2-2020-2022
t-sne_label_for_Nextstrain_clade,5386G,1,1,sars-cov-2-2020-2022
t-sne_label_for_Nextstrain_clade,5388A,1,0,sars-cov-2-2020-2022
t-sne_label_for_Nextstrain_clade,54-,2,"4,9",sars-cov-2-2020-2022
t-sne_label_for_Nextstrain_clade,55-,1,9,sars-cov-2-2020-2022
t-sne_label_for_Nextstrain_clade,5584G,1,5,sars-cov-2-2020-2022
t-sne_label_for_Nextstrain_clade,56-,1,9,sars-cov-2-2020-2022
t-sne_label_for_Nextstrain_clade,7124T,2,"6,7",sars-cov-2-2020-2022
t-sne_label_for_Nextstrain_clade,5638G,1,6,sars-cov-2-2020-2022
t-sne_label_for_Nextstrain_clade,57-,1,9,sars-cov-2-2020-2022
t-sne_label_for_Nextstrain_clade,58-,1,9,sars-cov-2-2020-2022
t-sne_label_for_Nextstrain_clade,59-,1,9,sars-cov-2-2020-2022
t-sne_label_for_Nextstrain_clade,5986T,1,0,sars-cov-2-2020-2022
t-sne_label_for_Nextstrain_clade,6-,16,"0,1,11,12,13,14,15,18,2,3,4,5,6,7,8,9",sars-cov-2-2020-2022
t-sne_label_for_Nextstrain_clade,60-,1,9,sars-cov-2-2020-2022
t-sne_label_for_Nextstrain_clade,61-,1,9,sars-cov-2-2020-2022
t-sne_label_for_Nextstrain_clade,5648C,1,2,sars-cov-2-2020-2022
t-sne_label_for_Nextstrain_clade,72-,1,9,sars-cov-2-2020-2022
t-sne_label_for_Nextstrain_clade,73-,1,9,sars-cov-2-2020-2022
t-sne_label_for_Nextstrain_clade,733C,1,2,sars-cov-2-2020-2022
t-sne_label_for_Nextstrain_clade,8986T,2,"6,7",sars-cov-2-2020-2022
t-sne_label_for_Nextstrain_clade,9-,16,"0,1,11,12,13,14,15,18,2,3,4,5,6,7,8,9",sars-cov-2-2020-2022
t-sne_label_for_Nextstrain_clade,90-,1,9,sars-cov-2-2020-2022
t-sne_label_for_Nextstrain_clade,9053T,2,"6,7",sars-cov-2-2020-2022
t-sne_label_for_Nextstrain_clade,91-,1,9,sars-cov-2-2020-2022
t-sne_label_for_Nextstrain_clade,913T,1,0,sars-cov-2-2020-2022
t-sne_label_for_Nextstrain_clade,92-,1,9,sars-cov-2-2020-2022
t-sne_label_for_Nextstrain_clade,89-,1,9,sars-cov-2-2020-2022
t-sne_label_for_Nextstrain_clade,9286T,1,10,sars-cov-2-2020-2022
t-sne_label_for_Nextstrain_clade,94-,1,9,sars-cov-2-2020-2022
t-sne_label_for_Nextstrain_clade,95-,1,9,sars-cov-2-2020-2022
t-sne_label_for_Nextstrain_clade,96-,1,9,sars-cov-2-2020-2022
t-sne_label_for_Nextstrain_clade,97-,1,9,sars-cov-2-2020-2022
t-sne_label_for_Nextstrain_clade,98-,1,9,sars-cov-2-2020-2022
t-sne_label_for_Nextstrain_clade,9891T,2,"4,5",sars-cov-2-2020-2022
t-sne_label_for_Nextstrain_clade,99-,1,9,sars-cov-2-2020-2022
t-sne_label_for_Nextstrain_clade,93-,1,9,sars-cov-2-2020-2022
t-sne_label_for_Nextstrain_clade,5230T,1,3,sars-cov-2-2020-2022
t-sne_label_for_Nextstrain_clade,88-,1,9,sars-cov-2-2020-2022
t-sne_label_for_Nextstrain_clade,87-,1,9,sars-cov-2-2020-2022
t-sne_label_for_Nextstrain_clade,74-,1,9,sars-cov-2-2020-2022
t-sne_label_for_Nextstrain_clade,75-,1,9,sars-cov-2-2020-2022
t-sne_label_for_Nextstrain_clade,7540C,1,8,sars-cov-2-2020-2022
t-sne_label_for_Nextstrain_clade,76-,1,9,sars-cov-2-2020-2022
t-sne_label_for_Nextstrain_clade,77-,1,9,sars-cov-2-2020-2022
t-sne_label_for_Nextstrain_clade,78-,1,9,sars-cov-2-2020-2022
t-sne_label_for_Nextstrain_clade,79-,1,9,sars-cov-2-2020-2022
t-sne_label_for_Nextstrain_clade,8782T,1,11,sars-cov-2-2020-2022
t-sne_label_for_Nextstrain_clade,8-,16,"0,1,11,12,13,14,15,18,2,3,4,5,6,7,8,9",sars-cov-2-2020-2022
t-sne_label_for_Nextstrain_clade,81-,1,9,sars-cov-2-2020-2022
t-sne_label_for_Nextstrain_clade,82-,1,9,sars-cov-2-2020-2022
t-sne_label_for_Nextstrain_clade,83-,1,9,sars-cov-2-2020-2022
t-sne_label_for_Nextstrain_clade,8393A,1,1,sars-cov-2-2020-2022
t-sne_label_for_Nextstrain_clade,84-,1,9,sars-cov-2-2020-2022
t-sne_label_for_Nextstrain_clade,85-,1,9,sars-cov-2-2020-2022
t-sne_label_for_Nextstrain_clade,86-,1,9,sars-cov-2-2020-2022
t-sne_label_for_Nextstrain_clade,80-,1,9,sars-cov-2-2020-2022
t-sne_label_for_Nextstrain_clade,29861-,14,"0,1,12,13,14,15,18,2,3,4,5,7,8,9",sars-cov-2-2020-2022
t-sne_label_for_Nextstrain_clade,52-,2,"4,9",sars-cov-2-2020-2022
t-sne_label_for_Nextstrain_clade,51-,2,"4,9",sars-cov-2-2020-2022
t-sne_label_for_Nextstrain_clade,29883-,17,"0,1,10,11,12,13,14,15,18,2,3,4,5,6,7,8,9",sars-cov-2-2020-2022
t-sne_label_for_Nextstrain_clade,29884-,17,"0,1,10,11,12,13,14,15,18,2,3,4,5,6,7,8,9",sars-cov-2-2020-2022
t-sne_label_for_Nextstrain_clade,29885-,17,"0,1,10,11,12,13,14,15,18,2,3,4,5,6,7,8,9",sars-cov-2-2020-2022
t-sne_label_for_Nextstrain_clade,29886-,17,"0,1,10,11,12,13,14,15,18,2,3,4,5,6,7,8,9",sars-cov-2-2020-2022
t-sne_label_for_Nextstrain_clade,29887-,17,"0,1,10,11,12,13,14,15,18,2,3,4,5,6,7,8,9",sars-cov-2-2020-2022
t-sne_label_for_Nextstrain_clade,29888-,17,"0,1,10,11,12,13,14,15,18,2,3,4,5,6,7,8,9",sars-cov-2-2020-2022
t-sne_label_for_Nextstrain_clade,29889-,17,"0,1,10,11,12,13,14,15,18,2,3,4,5,6,7,8,9",sars-cov-2-2020-2022
t-sne_label_for_Nextstrain_clade,29890-,17,"0,1,10,11,12,13,14,15,18,2,3,4,5,6,7,8,9",sars-cov-2-2020-2022
t-sne_label_for_Nextstrain_clade,29891-,17,"0,1,10,11,12,13,14,15,18,2,3,4,5,6,7,8,9",sars-cov-2-2020-2022
t-sne_label_for_Nextstrain_clade,29892-,17,"0,1,10,11,12,13,14,15,18,2,3,4,5,6,7,8,9",sars-cov-2-2020-2022
t-sne_label_for_Nextstrain_clade,29893-,17,"0,1,10,11,12,13,14,15,18,2,3,4,5,6,7,8,9",sars-cov-2-2020-2022
t-sne_label_for_Nextstrain_clade,29894-,17,"0,1,10,11,12,13,14,15,18,2,3,4,5,6,7,8,9",sars-cov-2-2020-2022
t-sne_label_for_Nextstrain_clade,29895-,17,"0,1,10,11,12,13,14,15,18,2,3,4,5,6,7,8,9",sars-cov-2-2020-2022
t-sne_label_for_Nextstrain_clade,29896-,17,"0,1,10,11,12,13,14,15,18,2,3,4,5,6,7,8,9",sars-cov-2-2020-2022
t-sne_label_for_Nextstrain_clade,29897-,17,"0,1,10,11,12,13,14,15,18,2,3,4,5,6,7,8,9",sars-cov-2-2020-2022
t-sne_label_for_Nextstrain_clade,29882-,17,"0,1,10,11,12,13,14,15,18,2,3,4,5,6,7,8,9",sars-cov-2-2020-2022
t-sne_label_for_Nextstrain_clade,29881-,17,"0,1,10,11,12,13,14,15,18,2,3,4,5,6,7,8,9",sars-cov-2-2020-2022
t-sne_label_for_Nextstrain_clade,29880-,17,"0,1,10,11,12,13,14,15,18,2,3,4,5,6,7,8,9",sars-cov-2-2020-2022
t-sne_label_for_Nextstrain_clade,29879-,17,"0,1,10,11,12,13,14,15,18,2,3,4,5,6,7,8,9",sars-cov-2-2020-2022
t-sne_label_for_Nextstrain_clade,29863-,15,"0,1,12,13,14,15,18,2,3,4,5,6,7,8,9",sars-cov-2-2020-2022
t-sne_label_for_Nextstrain_clade,29864-,15,"0,1,12,13,14,15,18,2,3,4,5,6,7,8,9",sars-cov-2-2020-2022
t-sne_label_for_Nextstrain_clade,29865-,15,"0,1,12,13,14,15,18,2,3,4,5,6,7,8,9",sars-cov-2-2020-2022
t-sne_label_for_Nextstrain_clade,29866-,15,"0,1,12,13,14,15,18,2,3,4,5,6,7,8,9",sars-cov-2-2020-2022
t-sne_label_for_Nextstrain_clade,28281T,1,0,sars-cov-2-2020-2022
t-sne_label_for_Nextstrain_clade,29868-,15,"0,1,12,13,14,15,18,2,3,4,5,6,7,8,9",sars-cov-2-2020-2022
t-sne_label_for_Nextstrain_clade,29869-,15,"0,1,12,13,14,15,18,2,3,4,5,6,7,8,9",sars-cov-2-2020-2022
t-sne_label_for_Nextstrain_clade,29898-,17,"0,1,10,11,12,13,14,15,18,2,3,4,5,6,7,8,9",sars-cov-2-2020-2022
t-sne_label_for_Nextstrain_clade,29870-,15,"0,1,12,13,14,15,18,2,3,4,5,6,7,8,9",sars-cov-2-2020-2022
t-sne_label_for_Nextstrain_clade,29872-,17,"0,1,10,11,12,13,14,15,18,2,3,4,5,6,7,8,9",sars-cov-2-2020-2022
t-sne_label_for_Nextstrain_clade,29873-,17,"0,1,10,11,12,13,14,15,18,2,3,4,5,6,7,8,9",sars-cov-2-2020-2022
t-sne_label_for_Nextstrain_clade,29874-,17,"0,1,10,11,12,13,14,15,18,2,3,4,5,6,7,8,9",sars-cov-2-2020-2022
t-sne_label_for_Nextstrain_clade,29875-,17,"0,1,10,11,12,13,14,15,18,2,3,4,5,6,7,8,9",sars-cov-2-2020-2022
t-sne_label_for_Nextstrain_clade,29876-,17,"0,1,10,11,12,13,14,15,18,2,3,4,5,6,7,8,9",sars-cov-2-2020-2022
t-sne_label_for_Nextstrain_clade,29877-,17,"0,1,10,11,12,13,14,15,18,2,3,4,5,6,7,8,9",sars-cov-2-2020-2022
t-sne_label_for_Nextstrain_clade,29878-,17,"0,1,10,11,12,13,14,15,18,2,3,4,5,6,7,8,9",sars-cov-2-2020-2022
t-sne_label_for_Nextstrain_clade,29871-,17,"0,1,10,11,12,13,14,15,18,2,3,4,5,6,7,8,9",sars-cov-2-2020-2022
t-sne_label_for_Nextstrain_clade,29899-,17,"0,1,10,11,12,13,14,15,18,2,3,4,5,6,7,8,9",sars-cov-2-2020-2022
t-sne_label_for_Nextstrain_clade,29900-,17,"0,1,10,11,12,13,14,15,18,2,3,4,5,6,7,8,9",sars-cov-2-2020-2022
t-sne_label_for_Nextstrain_clade,29901-,17,"0,1,10,11,12,13,14,15,18,2,3,4,5,6,7,8,9",sars-cov-2-2020-2022
t-sne_label_for_Nextstrain_clade,4002T,1,14,sars-cov-2-2020-2022
t-sne_label_for_Nextstrain_clade,41-,7,"0,1,15,18,4,7,9",sars-cov-2-2020-2022
t-sne_label_for_Nextstrain_clade,4181T,2,"6,7",sars-cov-2-2020-2022
t-sne_label_for_Nextstrain_clade,42-,7,"0,1,15,18,4,7,9",sars-cov-2-2020-2022
t-sne_label_for_Nextstrain_clade,43-,6,"0,1,15,4,7,9",sars-cov-2-2020-2022
t-sne_label_for_Nextstrain_clade,4346C,1,10,sars-cov-2-2020-2022
t-sne_label_for_Nextstrain_clade,44-,6,"0,1,15,4,7,9",sars-cov-2-2020-2022
t-sne_label_for_Nextstrain_clade,40-,7,"0,1,15,18,4,7,9",sars-cov-2-2020-2022
t-sne_label_for_Nextstrain_clade,445C,1,16,sars-cov-2-2020-2022
t-sne_label_for_Nextstrain_clade,46-,5,"1,15,4,7,9",sars-cov-2-2020-2022
t-sne_label_for_Nextstrain_clade,47-,5,"1,15,4,7,9",sars-cov-2-2020-2022
t-sne_label_for_Nextstrain_clade,48-,5,"1,15,4,7,9",sars-cov-2-2020-2022
t-sne_label_for_Nextstrain_clade,49-,5,"1,15,4,7,9",sars-cov-2-2020-2022
t-sne_label_for_Nextstrain_clade,4927T,1,6,sars-cov-2-2020-2022
t-sne_label_for_Nextstrain_clade,5-,16,"0,1,11,12,13,14,15,18,2,3,4,5,6,7,8,9",sars-cov-2-2020-2022
t-sne_label_for_Nextstrain_clade,50-,5,"1,15,4,7,9",sars-cov-2-2020-2022
t-sne_label_for_Nextstrain_clade,45-,5,"1,15,4,7,9",sars-cov-2-2020-2022
t-sne_label_for_Nextstrain_clade,5184T,2,"4,5",sars-cov-2-2020-2022
t-sne_label_for_Nextstrain_clade,4-,17,"0,1,10,11,12,13,14,15,18,2,3,4,5,6,7,8,9",sars-cov-2-2020-2022
t-sne_label_for_Nextstrain_clade,3828T,1,2,sars-cov-2-2020-2022
t-sne_label_for_Nextstrain_clade,29902-,17,"0,1,10,11,12,13,14,15,18,2,3,4,5,6,7,8,9",sars-cov-2-2020-2022
t-sne_label_for_Nextstrain_clade,29903-,17,"0,1,10,11,12,13,14,15,18,2,3,4,5,6,7,8,9",sars-cov-2-2020-2022
t-sne_label_for_Nextstrain_clade,3-,18,"0,1,10,11,12,13,14,15,17,18,2,3,4,5,6,7,8,9",sars-cov-2-2020-2022
t-sne_label_for_Nextstrain_clade,30-,14,"0,1,13,14,15,18,2,3,4,5,6,7,8,9",sars-cov-2-2020-2022
t-sne_label_for_Nextstrain_clade,3037T,17,"0,1,10,13,14,15,16,17,18,2,3,4,5,6,7,8,9",sars-cov-2-2020-2022
t-sne_label_for_Nextstrain_clade,31-,13,"0,1,13,14,15,18,2,3,4,5,7,8,9",sars-cov-2-2020-2022
t-sne_label_for_Nextstrain_clade,313T,1,10,sars-cov-2-2020-2022
t-sne_label_for_Nextstrain_clade,39-,9,"0,1,13,15,18,4,7,8,9",sars-cov-2-2020-2022
t-sne_label_for_Nextstrain_clade,32-,13,"0,1,13,14,15,18,2,3,4,5,7,8,9",sars-cov-2-2020-2022
t-sne_label_for_Nextstrain_clade,33-,13,"0,1,13,14,15,18,2,3,4,5,7,8,9",sars-cov-2-2020-2022
t-sne_label_for_Nextstrain_clade,34-,13,"0,1,13,14,15,18,2,3,4,5,7,8,9",sars-cov-2-2020-2022
t-sne_label_for_Nextstrain_clade,35-,13,"0,1,13,14,15,18,2,3,4,5,7,8,9",sars-cov-2-2020-2022
t-sne_label_for_Nextstrain_clade,3536G,1,6,sars-cov-2-2020-2022
t-sne_label_for_Nextstrain_clade,36-,13,"0,1,13,14,15,18,2,3,4,5,7,8,9",sars-cov-2-2020-2022
t-sne_label_for_Nextstrain_clade,37-,13,"0,1,13,14,15,18,2,3,4,5,7,8,9",sars-cov-2-2020-2022
t-sne_label_for_Nextstrain_clade,38-,13,"0,1,13,14,15,18,2,3,4,5,7,8,9",sars-cov-2-2020-2022
t-sne_label_for_Nextstrain_clade,3267T,1,0,sars-cov-2-2020-2022
t-sne_label_for_Nextstrain_clade,28280C,1,0,sars-cov-2-2020-2022
t-sne_label_for_Nextstrain_clade,23403G,17,"0,1,10,13,14,15,16,17,18,2,3,4,5,6,7,8,9",sars-cov-2-2020-2022
t-sne_label_for_Nextstrain_clade,28271T,1,1,sars-cov-2-2020-2022
t-sne_label_for_Nextstrain_clade,150-,1,9,sars-cov-2-2020-2022
t-sne_label_for_Nextstrain_clade,151-,1,9,sars-cov-2-2020-2022
t-sne_label_for_Nextstrain_clade,152-,1,9,sars-cov-2-2020-2022
t-sne_label_for_Nextstrain_clade,15240T,2,"1,6",sars-cov-2-2020-2022
t-sne_label_for_Nextstrain_clade,15279T,1,0,sars-cov-2-2020-2022
t-sne_label_for_Nextstrain_clade,153-,1,9,sars-cov-2-2020-2022
t-sne_label_for_Nextstrain_clade,154-,1,9,sars-cov-2-2020-2022
t-sne_label_for_Nextstrain_clade,15451A,4,"4,5,6,7",sars-cov-2-2020-2022
t-sne_label_for_Nextstrain_clade,155-,1,9,sars-cov-2-2020-2022
t-sne_label_for_Nextstrain_clade,156-,1,9,sars-cov-2-2020-2022
t-sne_label_for_Nextstrain_clade,157-,1,9,sars-cov-2-2020-2022
t-sne_label_for_Nextstrain_clade,158-,1,9,sars-cov-2-2020-2022
t-sne_label_for_Nextstrain_clade,159-,1,9,sars-cov-2-2020-2022
t-sne_label_for_Nextstrain_clade,16-,15,"0,1,12,13,14,15,18,2,3,4,5,6,7,8,9",sars-cov-2-2020-2022
t-sne_label_for_Nextstrain_clade,160-,1,9,sars-cov-2-2020-2022
t-sne_label_for_Nextstrain_clade,15-,15,"0,1,12,13,14,15,18,2,3,4,5,6,7,8,9",sars-cov-2-2020-2022
t-sne_label_for_Nextstrain_clade,149-,1,9,sars-cov-2-2020-2022
t-sne_label_for_Nextstrain_clade,148-,1,9,sars-cov-2-2020-2022
t-sne_label_for_Nextstrain_clade,14708T,1,10,sars-cov-2-2020-2022
t-sne_label_for_Nextstrain_clade,136-,1,9,sars-cov-2-2020-2022
t-sne_label_for_Nextstrain_clade,137-,1,9,sars-cov-2-2020-2022
t-sne_label_for_Nextstrain_clade,138-,1,9,sars-cov-2-2020-2022
t-sne_label_for_Nextstrain_clade,13860T,1,2,sars-cov-2-2020-2022
t-sne_label_for_Nextstrain_clade,139-,1,9,sars-cov-2-2020-2022
t-sne_label_for_Nextstrain_clade,14-,16,"0,1,11,12,13,14,15,18,2,3,4,5,6,7,8,9",sars-cov-2-2020-2022
t-sne_label_for_Nextstrain_clade,140-,1,9,sars-cov-2-2020-2022
t-sne_label_for_Nextstrain_clade,161-,1,9,sars-cov-2-2020-2022
t-sne_label_for_Nextstrain_clade,141-,1,9,sars-cov-2-2020-2022
t-sne_label_for_Nextstrain_clade,143-,1,9,sars-cov-2-2020-2022
t-sne_label_for_Nextstrain_clade,144-,1,9,sars-cov-2-2020-2022
t-sne_label_for_Nextstrain_clade,14408T,17,"0,1,10,13,14,15,16,17,18,2,3,4,5,6,7,8,9",sars-cov-2-2020-2022
t-sne_label_for_Nextstrain_clade,145-,1,9,sars-cov-2-2020-2022
t-sne_label_for_Nextstrain_clade,146-,1,9,sars-cov-2-2020-2022
t-sne_label_for_Nextstrain_clade,14676T,1,0,sars-cov-2-2020-2022
t-sne_label_for_Nextstrain_clade,147-,1,9,sars-cov-2-2020-2022
t-sne_label_for_Nextstrain_clade,142-,1,9,sars-cov-2-2020-2022
t-sne_label_for_Nextstrain_clade,13536T,1,14,sars-cov-2-2020-2022
t-sne_label_for_Nextstrain_clade,16176C,1,0,sars-cov-2-2020-2022
t-sne_label_for_Nextstrain_clade,163-,1,9,sars-cov-2-2020-2022
t-sne_label_for_Nextstrain_clade,178-,1,9,sars-cov-2-2020-2022
t-sne_label_for_Nextstrain_clade,179-,1,9,sars-cov-2-2020-2022
t-sne_label_for_Nextstrain_clade,18-,15,"0,1,12,13,14,15,18,2,3,4,5,6,7,8,9",sars-cov-2-2020-2022
t-sne_label_for_Nextstrain_clade,180-,1,9,sars-cov-2-2020-2022
t-sne_label_for_Nextstrain_clade,18060T,1,11,sars-cov-2-2020-2022
t-sne_label_for_Nextstrain_clade,181-,1,9,sars-cov-2-2020-2022
t-sne_label_for_Nextstrain_clade,18163G,1,1,sars-cov-2-2020-2022
t-sne_label_for_Nextstrain_clade,18176T,1,4,sars-cov-2-2020-2022
t-sne_label_for_Nextstrain_clade,182-,1,9,sars-cov-2-2020-2022
t-sne_label_for_Nextstrain_clade,183-,1,9,sars-cov-2-2020-2022
t-sne_label_for_Nextstrain_clade,184-,1,9,sars-cov-2-2020-2022
t-sne_label_for_Nextstrain_clade,18424G,1,13,sars-cov-2-2020-2022
t-sne_label_for_Nextstrain_clade,185-,1,9,sars-cov-2-2020-2022
t-sne_label_for_Nextstrain_clade,18555T,1,8,sars-cov-2-2020-2022
t-sne_label_for_Nextstrain_clade,186-,1,9,sars-cov-2-2020-2022
t-sne_label_for_Nextstrain_clade,177-,1,9,sars-cov-2-2020-2022
t-sne_label_for_Nextstrain_clade,176-,1,9,sars-cov-2-2020-2022
t-sne_label_for_Nextstrain_clade,175-,1,9,sars-cov-2-2020-2022
t-sne_label_for_Nextstrain_clade,174T,1,3,sars-cov-2-2020-2022
t-sne_label_for_Nextstrain_clade,164-,1,9,sars-cov-2-2020-2022
t-sne_label_for_Nextstrain_clade,16466T,4,"4,5,6,7",sars-cov-2-2020-2022
t-sne_label_for_Nextstrain_clade,165-,1,9,sars-cov-2-2020-2022
t-sne_label_for_Nextstrain_clade,166-,1,9,sars-cov-2-2020-2022
t-sne_label_for_Nextstrain_clade,16647T,1,8,sars-cov-2-2020-2022
t-sne_label_for_Nextstrain_clade,167-,1,9,sars-cov-2-2020-2022
t-sne_label_for_Nextstrain_clade,168-,1,9,sars-cov-2-2020-2022
t-sne_label_for_Nextstrain_clade,162-,1,9,sars-cov-2-2020-2022
t-sne_label_for_Nextstrain_clade,169-,1,9,sars-cov-2-2020-2022
t-sne_label_for_Nextstrain_clade,170-,1,9,sars-cov-2-2020-2022
t-sne_label_for_Nextstrain_clade,17014T,1,17,sars-cov-2-2020-2022
t-sne_label_for_Nextstrain_clade,171-,1,9,sars-cov-2-2020-2022
t-sne_label_for_Nextstrain_clade,172-,1,9,sars-cov-2-2020-2022
t-sne_label_for_Nextstrain_clade,17259T,1,2,sars-cov-2-2020-2022
t-sne_label_for_Nextstrain_clade,173-,1,9,sars-cov-2-2020-2022
t-sne_label_for_Nextstrain_clade,174-,1,9,sars-cov-2-2020-2022
t-sne_label_for_Nextstrain_clade,17-,15,"0,1,12,13,14,15,18,2,3,4,5,6,7,8,9",sars-cov-2-2020-2022
t-sne_label_for_Nextstrain_clade,135-,1,9,sars-cov-2-2020-2022
t-sne_label_for_Nextstrain_clade,134-,1,9,sars-cov-2-2020-2022
t-sne_label_for_Nextstrain_clade,133-,1,9,sars-cov-2-2020-2022
t-sne_label_for_Nextstrain_clade,11-,16,"0,1,11,12,13,14,15,18,2,3,4,5,6,7,8,9",sars-cov-2-2020-2022
t-sne_label_for_Nextstrain_clade,110-,1,9,sars-cov-2-2020-2022
t-sne_label_for_Nextstrain_clade,111-,1,9,sars-cov-2-2020-2022
t-sne_label_for_Nextstrain_clade,112-,1,9,sars-cov-2-2020-2022
t-sne_label_for_Nextstrain_clade,11201G,2,"6,7",sars-cov-2-2020-2022
t-sne_label_for_Nextstrain_clade,11285-,1,1,sars-cov-2-2020-2022
t-sne_label_for_Nextstrain_clade,11286-,1,1,sars-cov-2-2020-2022
t-sne_label_for_Nextstrain_clade,11287-,1,1,sars-cov-2-2020-2022
t-sne_label_for_Nextstrain_clade,11288-,4,"0,1,2,3",sars-cov-2-2020-2022
t-sne_label_for_Nextstrain_clade,11289-,4,"0,1,2,3",sars-cov-2-2020-2022
t-sne_label_for_Nextstrain_clade,11290-,4,"0,1,2,3",sars-cov-2-2020-2022
t-sne_label_for_Nextstrain_clade,11291-,4,"0,1,2,3",sars-cov-2-2020-2022
t-sne_label_for_Nextstrain_clade,11292-,4,"0,1,2,3",sars-cov-2-2020-2022
t-sne_label_for_Nextstrain_clade,11293-,4,"0,1,2,3",sars-cov-2-2020-2022
t-sne_label_for_Nextstrain_clade,11294-,3,"0,2,3",sars-cov-2-2020-2022
t-sne_label_for_Nextstrain_clade,109-,1,9,sars-cov-2-2020-2022
t-sne_label_for_Nextstrain_clade,108-,1,9,sars-cov-2-2020-2022
t-sne_label_for_Nextstrain_clade,107-,1,9,sars-cov-2-2020-2022
t-sne_label_for_Nextstrain_clade,10667G,1,9,sars-cov-2-2020-2022
t-sne_label_for_Nextstrain_clade,1-,18,"0,1,10,11,12,13,14,15,17,18,2,3,4,5,6,7,8,9",sars-cov-2-2020-2022
t-sne_label_for_Nextstrain_clade,10-,16,"0,1,11,12,13,14,15,18,2,3,4,5,6,7,8,9",sars-cov-2-2020-2022
t-sne_label_for_Nextstrain_clade,100-,1,9,sars-cov-2-2020-2022
t-sne_label_for_Nextstrain_clade,10029T,3,"1,6,7",sars-cov-2-2020-2022
t-sne_label_for_Nextstrain_clade,10097A,1,14,sars-cov-2-2020-2022
t-sne_label_for_Nextstrain_clade,101-,1,9,sars-cov-2-2020-2022
t-sne_label_for_Nextstrain_clade,102-,1,9,sars-cov-2-2020-2022
t-sne_label_for_Nextstrain_clade,11295-,3,"0,2,3",sars-cov-2-2020-2022
t-sne_label_for_Nextstrain_clade,103-,1,9,sars-cov-2-2020-2022
t-sne_label_for_Nextstrain_clade,10323G,1,3,sars-cov-2-2020-2022
t-sne_label_for_Nextstrain_clade,10376T,1,10,sars-cov-2-2020-2022
t-sne_label_for_Nextstrain_clade,104-,1,9,sars-cov-2-2020-2022
t-sne_label_for_Nextstrain_clade,10449A,1,1,sars-cov-2-2020-2022
t-sne_label_for_Nextstrain_clade,105-,1,9,sars-cov-2-2020-2022
t-sne_label_for_Nextstrain_clade,1059T,3,"13,17,3",sars-cov-2-2020-2022
t-sne_label_for_Nextstrain_clade,106-,1,9,sars-cov-2-2020-2022
t-sne_label_for_Nextstrain_clade,10319T,1,13,sars-cov-2-2020-2022
t-sne_label_for_Nextstrain_clade,11296-,3,"0,2,3",sars-cov-2-2020-2022
t-sne_label_for_Nextstrain_clade,113-,1,9,sars-cov-2-2020-2022
t-sne_label_for_Nextstrain_clade,11332G,2,"6,7",sars-cov-2-2020-2022
t-sne_label_for_Nextstrain_clade,12525T,1,6,sars-cov-2-2020-2022
t-sne_label_for_Nextstrain_clade,126-,1,9,sars-cov-2-2020-2022
t-sne_label_for_Nextstrain_clade,1267T,1,4,sars-cov-2-2020-2022
t-sne_label_for_Nextstrain_clade,127-,1,9,sars-cov-2-2020-2022
t-sne_label_for_Nextstrain_clade,12778T,1,2,sars-cov-2-2020-2022
t-sne_label_for_Nextstrain_clade,128-,1,9,sars-cov-2-2020-2022
t-sne_label_for_Nextstrain_clade,129-,1,9,sars-cov-2-2020-2022
t-sne_label_for_Nextstrain_clade,125-,1,9,sars-cov-2-2020-2022
t-sne_label_for_Nextstrain_clade,12946C,1,4,sars-cov-2-2020-2022
t-sne_label_for_Nextstrain_clade,13-,16,"0,1,11,12,13,14,15,18,2,3,4,5,6,7,8,9",sars-cov-2-2020-2022
t-sne_label_for_Nextstrain_clade,130-,1,9,sars-cov-2-2020-2022
t-sne_label_for_Nextstrain_clade,13019T,1,5,sars-cov-2-2020-2022
t-sne_label_for_Nextstrain_clade,131-,1,9,sars-cov-2-2020-2022
t-sne_label_for_Nextstrain_clade,13195C,1,1,sars-cov-2-2020-2022
t-sne_label_for_Nextstrain_clade,132-,1,9,sars-cov-2-2020-2022
t-sne_label_for_Nextstrain_clade,13216C,1,6,sars-cov-2-2020-2022
t-sne_label_for_Nextstrain_clade,12964G,1,9,sars-cov-2-2020-2022
t-sne_label_for_Nextstrain_clade,187-,1,9,sars-cov-2-2020-2022
t-sne_label_for_Nextstrain_clade,124-,1,9,sars-cov-2-2020-2022
t-sne_label_for_Nextstrain_clade,122-,1,9,sars-cov-2-2020-2022
t-sne_label_for_Nextstrain_clade,114-,1,9,sars-cov-2-2020-2022
t-sne_label_for_Nextstrain_clade,11418C,2,"4,5",sars-cov-2-2020-2022
t-sne_label_for_Nextstrain_clade,115-,1,9,sars-cov-2-2020-2022
t-sne_label_for_Nextstrain_clade,11514T,1,5,sars-cov-2-2020-2022
t-sne_label_for_Nextstrain_clade,11537G,1,1,sars-cov-2-2020-2022
t-sne_label_for_Nextstrain_clade,116-,1,9,sars-cov-2-2020-2022
t-sne_label_for_Nextstrain_clade,1163T,1,8,sars-cov-2-2020-2022
t-sne_label_for_Nextstrain_clade,123-,1,9,sars-cov-2-2020-2022
t-sne_label_for_Nextstrain_clade,28272T,1,17,sars-cov-2-2020-2022
t-sne_label_for_Nextstrain_clade,11824T,1,9,sars-cov-2-2020-2022
t-sne_label_for_Nextstrain_clade,119-,1,9,sars-cov-2-2020-2022
t-sne_label_for_Nextstrain_clade,1191T,1,4,sars-cov-2-2020-2022
t-sne_label_for_Nextstrain_clade,12-,16,"0,1,11,12,13,14,15,18,2,3,4,5,6,7,8,9",sars-cov-2-2020-2022
t-sne_label_for_Nextstrain_clade,120-,1,9,sars-cov-2-2020-2022
t-sne_label_for_Nextstrain_clade,12053T,1,9,sars-cov-2-2020-2022
t-sne_label_for_Nextstrain_clade,121-,1,9,sars-cov-2-2020-2022
t-sne_label_for_Nextstrain_clade,118-,1,9,sars-cov-2-2020-2022
t-sne_label_for_Nextstrain_clade,188-,1,9,sars-cov-2-2020-2022
t-sne_label_for_Nextstrain_clade,117-,1,9,sars-cov-2-2020-2022
t-sne_label_for_Nextstrain_clade,19-,15,"0,1,12,13,14,15,18,2,3,4,5,6,7,8,9",sars-cov-2-2020-2022
t-sne_label_for_Nextstrain_clade,23948T,1,1,sars-cov-2-2020-2022
t-sne_label_for_Nextstrain_clade,24-,15,"0,1,12,13,14,15,18,2,3,4,5,6,7,8,9",sars-cov-2-2020-2022
t-sne_label_for_Nextstrain_clade,24130A,1,1,sars-cov-2-2020-2022
t-sne_label_for_Nextstrain_clade,241T,17,"0,1,10,13,14,15,16,17,18,2,3,4,5,6,7,8,9",sars-cov-2-2020-2022
t-sne_label_for_Nextstrain_clade,24410A,4,"4,5,6,7",sars-cov-2-2020-2022
t-sne_label_for_Nextstrain_clade,24424T,1,1,sars-cov-2-2020-2022
t-sne_label_for_Nextstrain_clade,24469A,1,1,sars-cov-2-2020-2022
t-sne_label_for_Nextstrain_clade,24503T,1,1,sars-cov-2-2020-2022
t-sne_label_for_Nextstrain_clade,24506G,1,0,sars-cov-2-2020-2022
t-sne_label_for_Nextstrain_clade,24642T,1,2,sars-cov-2-2020-2022
t-sne_label_for_Nextstrain_clade,24914C,1,0,sars-cov-2-2020-2022
t-sne_label_for_Nextstrain_clade,25-,15,"0,1,12,13,14,15,18,2,3,4,5,6,7,8,9",sars-cov-2-2020-2022
t-sne_label_for_Nextstrain_clade,25000T,1,1,sars-cov-2-2020-2022
t-sne_label_for_Nextstrain_clade,25088T,2,"2,9",sars-cov-2-2020-2022
t-sne_label_for_Nextstrain_clade,25469T,4,"4,5,6,7",sars-cov-2-2020-2022
t-sne_label_for_Nextstrain_clade,23854A,1,1,sars-cov-2-2020-2022
t-sne_label_for_Nextstrain_clade,23731T,1,14,sars-cov-2-2020-2022
t-sne_label_for_Nextstrain_clade,23709T,1,0,sars-cov-2-2020-2022
t-sne_label_for_Nextstrain_clade,23664T,1,3,sars-cov-2-2020-2022
t-sne_label_for_Nextstrain_clade,22995A,5,"1,4,5,6,7",sars-cov-2-2020-2022
t-sne_label_for_Nextstrain_clade,23-,15,"0,1,12,13,14,15,18,2,3,4,5,6,7,8,9",sars-cov-2-2020-2022
t-sne_label_for_Nextstrain_clade,23012A,3,"2,3,9",sars-cov-2-2020-2022
t-sne_label_for_Nextstrain_clade,23013C,1,1,sars-cov-2-2020-2022
t-sne_label_for_Nextstrain_clade,23040G,1,1,sars-cov-2-2020-2022
t-sne_label_for_Nextstrain_clade,23048A,1,1,sars-cov-2-2020-2022
t-sne_label_for_Nextstrain_clade,23055G,1,1,sars-cov-2-2020-2022
t-sne_label_for_Nextstrain_clade,25563T,4,"13,17,18,3",sars-cov-2-2020-2022
t-sne_label_for_Nextstrain_clade,23063T,4,"0,1,2,3",sars-cov-2-2020-2022
t-sne_label_for_Nextstrain_clade,23202A,1,1,sars-cov-2-2020-2022
t-sne_label_for_Nextstrain_clade,23271A,1,0,sars-cov-2-2020-2022
t-sne_label_for_Nextstrain_clade,23401A,1,8,sars-cov-2-2020-2022
t-sne_label_for_Nextstrain_clade,23525T,2,"1,2",sars-cov-2-2020-2022
t-sne_label_for_Nextstrain_clade,23599G,1,1,sars-cov-2-2020-2022
t-sne_label_for_Nextstrain_clade,23604A,2,"0,1",sars-cov-2-2020-2022
t-sne_label_for_Nextstrain_clade,23604G,4,"4,5,6,7",sars-cov-2-2020-2022
t-sne_label_for_Nextstrain_clade,23075C,1,1,sars-cov-2-2020-2022
t-sne_label_for_Nextstrain_clade,22992A,2,"1,8",sars-cov-2-2020-2022
t-sne_label_for_Nextstrain_clade,25584T,1,1,sars-cov-2-2020-2022
t-sne_label_for_Nextstrain_clade,25907T,1,13,sars-cov-2-2020-2022
t-sne_label_for_Nextstrain_clade,27972T,1,0,sars-cov-2-2020-2022
t-sne_label_for_Nextstrain_clade,28-,14,"0,1,13,14,15,18,2,3,4,5,6,7,8,9",sars-cov-2-2020-2022
t-sne_label_for_Nextstrain_clade,28048T,1,0,sars-cov-2-2020-2022
t-sne_label_for_Nextstrain_clade,28111G,1,0,sars-cov-2-2020-2022
t-sne_label_for_Nextstrain_clade,28144C,1,11,sars-cov-2-2020-2022
t-sne_label_for_Nextstrain_clade,28167A,1,2,sars-cov-2-2020-2022
t-sne_label_for_Nextstrain_clade,28248-,4,"4,5,6,7",sars-cov-2-2020-2022
t-sne_label_for_Nextstrain_clade,28249-,4,"4,5,6,7",sars-cov-2-2020-2022
t-sne_label_for_Nextstrain_clade,28250-,4,"4,5,6,7",sars-cov-2-2020-2022
t-sne_label_for_Nextstrain_clade,28251-,4,"4,5,6,7",sars-cov-2-2020-2022
t-sne_label_for_Nextstrain_clade,28252-,4,"4,5,6,7",sars-cov-2-2020-2022
t-sne_label_for_Nextstrain_clade,28253-,4,"4,5,6,7",sars-cov-2-2020-2022
t-sne_label_for_Nextstrain_clade,28253T,2,"3,9",sars-cov-2-2020-2022
t-sne_label_for_Nextstrain_clade,28271-,5,"0,4,5,6,7",sars-cov-2-2020-2022
t-sne_label_for_Nextstrain_clade,189-,1,9,sars-cov-2-2020-2022
t-sne_label_for_Nextstrain_clade,27964T,1,13,sars-cov-2-2020-2022
t-sne_label_for_Nextstrain_clade,27874T,2,"6,7",sars-cov-2-2020-2022
t-sne_label_for_Nextstrain_clade,27807T,1,1,sars-cov-2-2020-2022
t-sne_label_for_Nextstrain_clade,27752T,4,"4,5,6,7",sars-cov-2-2020-2022
t-sne_label_for_Nextstrain_clade,26-,14,"0,1,13,14,15,18,2,3,4,5,6,7,8,9",sars-cov-2-2020-2022
t-sne_label_for_Nextstrain_clade,26149C,1,2,sars-cov-2-2020-2022
t-sne_label_for_Nextstrain_clade,26270T,1,1,sars-cov-2-2020-2022
t-sne_label_for_Nextstrain_clade,26456T,1,3,sars-cov-2-2020-2022
t-sne_label_for_Nextstrain_clade,26530G,1,1,sars-cov-2-2020-2022
t-sne_label_for_Nextstrain_clade,26577G,1,1,sars-cov-2-2020-2022
t-sne_label_for_Nextstrain_clade,26681T,1,17,sars-cov-2-2020-2022
t-sne_label_for_Nextstrain_clade,25904T,1,3,sars-cov-2-2020-2022
t-sne_label_for_Nextstrain_clade,26709A,1,1,sars-cov-2-2020-2022
t-sne_label_for_Nextstrain_clade,26801G,1,16,sars-cov-2-2020-2022
t-sne_label_for_Nextstrain_clade,2692T,1,3,sars-cov-2-2020-2022
t-sne_label_for_Nextstrain_clade,27259C,1,1,sars-cov-2-2020-2022
t-sne_label_for_Nextstrain_clade,2749T,1,2,sars-cov-2-2020-2022
t-sne_label_for_Nextstrain_clade,27638C,4,"4,5,6,7",sars-cov-2-2020-2022
t-sne_label_for_Nextstrain_clade,27645C,1,6,sars-cov-2-2020-2022
t-sne_label_for_Nextstrain_clade,27739T,1,4,sars-cov-2-2020-2022
t-sne_label_for_Nextstrain_clade,26767C,4,"4,5,6,7",sars-cov-2-2020-2022
t-sne_label_for_Nextstrain_clade,22917G,5,"17,4,5,6,7",sars-cov-2-2020-2022
t-sne_label_for_Nextstrain_clade,27-,14,"0,1,13,14,15,18,2,3,4,5,6,7,8,9",sars-cov-2-2020-2022
t-sne_label_for_Nextstrain_clade,22882G,1,1,sars-cov-2-2020-2022
t-sne_label_for_Nextstrain_clade,21600T,1,17,sars-cov-2-2020-2022
t-sne_label_for_Nextstrain_clade,21614T,1,2,sars-cov-2-2020-2022
t-sne_label_for_Nextstrain_clade,21618G,4,"4,5,6,7",sars-cov-2-2020-2022
t-sne_label_for_Nextstrain_clade,21621A,1,2,sars-cov-2-2020-2022
t-sne_label_for_Nextstrain_clade,21638T,1,2,sars-cov-2-2020-2022
t-sne_label_for_Nextstrain_clade,21762T,1,1,sars-cov-2-2020-2022
t-sne_label_for_Nextstrain_clade,21765-,2,"0,1",sars-cov-2-2020-2022
t-sne_label_for_Nextstrain_clade,21304T,1,13,sars-cov-2-2020-2022
t-sne_label_for_Nextstrain_clade,21766-,2,"0,1",sars-cov-2-2020-2022
t-sne_label_for_Nextstrain_clade,21768-,2,"0,1",sars-cov-2-2020-2022
t-sne_label_for_Nextstrain_clade,21769-,2,"0,1",sars-cov-2-2020-2022
t-sne_label_for_Nextstrain_clade,21770-,2,"0,1",sars-cov-2-2020-2022
t-sne_label_for_Nextstrain_clade,21801C,1,3,sars-cov-2-2020-2022
t-sne_label_for_Nextstrain_clade,21846T,1,1,sars-cov-2-2020-2022
t-sne_label_for_Nextstrain_clade,21974T,1,2,sars-cov-2-2020-2022
t-sne_label_for_Nextstrain_clade,21987-,1,1,sars-cov-2-2020-2022
t-sne_label_for_Nextstrain_clade,21767-,2,"0,1",sars-cov-2-2020-2022
t-sne_label_for_Nextstrain_clade,21987A,3,"4,5,7",sars-cov-2-2020-2022
t-sne_label_for_Nextstrain_clade,21255C,1,16,sars-cov-2-2020-2022
t-sne_label_for_Nextstrain_clade,21-,15,"0,1,12,13,14,15,18,2,3,4,5,6,7,8,9",sars-cov-2-2020-2022
t-sne_label_for_Nextstrain_clade,190-,1,9,sars-cov-2-2020-2022
t-sne_label_for_Nextstrain_clade,22898A,1,1,sars-cov-2-2020-2022
t-sne_label_for_Nextstrain_clade,191-,1,9,sars-cov-2-2020-2022
t-sne_label_for_Nextstrain_clade,192-,1,9,sars-cov-2-2020-2022
t-sne_label_for_Nextstrain_clade,19220T,2,"6,7",sars-cov-2-2020-2022
t-sne_label_for_Nextstrain_clade,193-,1,9,sars-cov-2-2020-2022
t-sne_label_for_Nextstrain_clade,194-,1,9,sars-cov-2-2020-2022
t-sne_label_for_Nextstrain_clade,210T,4,"4,5,6,7",sars-cov-2-2020-2022
t-sne_label_for_Nextstrain_clade,195-,1,9,sars-cov-2-2020-2022
t-sne_label_for_Nextstrain_clade,197-,1,9,sars-cov-2-2020-2022
t-sne_label_for_Nextstrain_clade,198-,1,9,sars-cov-2-2020-2022
t-sne_label_for_Nextstrain_clade,199-,1,9,sars-cov-2-2020-2022
t-sne_label_for_Nextstrain_clade,2-,18,"0,1,10,11,12,13,14,15,17,18,2,3,4,5,6,7,8,9",sars-cov-2-2020-2022
t-sne_label_for_Nextstrain_clade,20-,15,"0,1,12,13,14,15,18,2,3,4,5,6,7,8,9",sars-cov-2-2020-2022
t-sne_label_for_Nextstrain_clade,201-,1,9,sars-cov-2-2020-2022
t-sne_label_for_Nextstrain_clade,20262G,1,4,sars-cov-2-2020-2022
t-sne_label_for_Nextstrain_clade,196-,1,9,sars-cov-2-2020-2022
t-sne_label_for_Nextstrain_clade,21988-,1,1,sars-cov-2-2020-2022
t-sne_label_for_Nextstrain_clade,200-,1,9,sars-cov-2-2020-2022
t-sne_label_for_Nextstrain_clade,21990-,1,1,sars-cov-2-2020-2022
t-sne_label_for_Nextstrain_clade,22283-,1,3,sars-cov-2-2020-2022
t-sne_label_for_Nextstrain_clade,22284-,1,3,sars-cov-2-2020-2022
t-sne_label_for_Nextstrain_clade,22285-,1,3,sars-cov-2-2020-2022
t-sne_label_for_Nextstrain_clade,22286-,1,3,sars-cov-2-2020-2022
t-sne_label_for_Nextstrain_clade,22287-,1,3,sars-cov-2-2020-2022
t-sne_label_for_Nextstrain_clade,22288-,1,3,sars-cov-2-2020-2022
t-sne_label_for_Nextstrain_clade,22289-,1,3,sars-cov-2-2020-2022
t-sne_label_for_Nextstrain_clade,22227T,2,"16,5",sars-cov-2-2020-2022
t-sne_label_for_Nextstrain_clade,22291-,1,3,sars-cov-2-2020-2022
t-sne_label_for_Nextstrain_clade,22673C,1,1,sars-cov-2-2020-2022
t-sne_label_for_Nextstrain_clade,22674T,1,1,sars-cov-2-2020-2022
t-sne_label_for_Nextstrain_clade,22679C,1,1,sars-cov-2-2020-2022
t-sne_label_for_Nextstrain_clade,22686T,1,1,sars-cov-2-2020-2022
t-sne_label_for_Nextstrain_clade,21989-,1,1,sars-cov-2-2020-2022
t-sne_label_for_Nextstrain_clade,22812C,1,2,sars-cov-2-2020-2022
t-sne_label_for_Nextstrain_clade,22813T,2,"1,3",sars-cov-2-2020-2022
t-sne_label_for_Nextstrain_clade,22578A,1,1,sars-cov-2-2020-2022
t-sne_label_for_Nextstrain_clade,22206G,1,3,sars-cov-2-2020-2022
t-sne_label_for_Nextstrain_clade,22290-,1,3,sars-cov-2-2020-2022
t-sne_label_for_Nextstrain_clade,22195-,1,1,sars-cov-2-2020-2022
t-sne_label_for_Nextstrain_clade,21993-,2,"0,1",sars-cov-2-2020-2022
t-sne_label_for_Nextstrain_clade,21992-,2,"0,1",sars-cov-2-2020-2022
t-sne_label_for_Nextstrain_clade,22196-,1,1,sars-cov-2-2020-2022
t-sne_label_for_Nextstrain_clade,21991-,1,1,sars-cov-2-2020-2022
t-sne_label_for_Nextstrain_clade,21994-,2,"0,1",sars-cov-2-2020-2022
t-sne_label_for_Nextstrain_clade,21995-,1,1,sars-cov-2-2020-2022
t-sne_label_for_Nextstrain_clade,22-,15,"0,1,12,13,14,15,18,2,3,4,5,6,7,8,9",sars-cov-2-2020-2022
t-sne_label_for_Nextstrain_clade,22029-,4,"4,5,6,7",sars-cov-2-2020-2022
t-sne_label_for_Nextstrain_clade,22030-,4,"4,5,6,7",sars-cov-2-2020-2022
t-sne_label_for_Nextstrain_clade,22018T,1,17,sars-cov-2-2020-2022
t-sne_label_for_Nextstrain_clade,22031-,4,"4,5,6,7",sars-cov-2-2020-2022
t-sne_label_for_Nextstrain_clade,22032-,4,"4,5,6,7",sars-cov-2-2020-2022
t-sne_label_for_Nextstrain_clade,22033-,4,"4,5,6,7",sars-cov-2-2020-2022
t-sne_label_for_Nextstrain_clade,22034-,4,"4,5,6,7",sars-cov-2-2020-2022
t-sne_label_for_Nextstrain_clade,22132T,1,2,sars-cov-2-2020-2022
t-sne_label_for_Nextstrain_clade,22194-,1,1,sars-cov-2-2020-2022
umap_label_for_Nextstrain_clade,28877T,1,4,sars-cov-2-2020-2022
umap_label_for_Nextstrain_clade,28367-,1,2,sars-cov-2-2020-2022
umap_label_for_Nextstrain_clade,28366-,1,2,sars-cov-2-2020-2022
umap_label_for_Nextstrain_clade,28365-,1,2,sars-cov-2-2020-2022
umap_label_for_Nextstrain_clade,28369-,1,2,sars-cov-2-2020-2022
umap_label_for_Nextstrain_clade,28370-,1,2,sars-cov-2-2020-2022
umap_label_for_Nextstrain_clade,28461G,2,"1,3",sars-cov-2-2020-2022
umap_label_for_Nextstrain_clade,28512G,1,4,sars-cov-2-2020-2022
umap_label_for_Nextstrain_clade,28368-,1,2,sars-cov-2-2020-2022
umap_label_for_Nextstrain_clade,28878C,1,4,sars-cov-2-2020-2022
umap_label_for_Nextstrain_clade,29402T,2,"1,3",sars-cov-2-2020-2022
umap_label_for_Nextstrain_clade,28881T,2,"1,3",sars-cov-2-2020-2022
umap_label_for_Nextstrain_clade,28882A,3,"0,2,4",sars-cov-2-2020-2022
umap_label_for_Nextstrain_clade,28883C,3,"0,2,4",sars-cov-2-2020-2022
umap_label_for_Nextstrain_clade,28916T,1,1,sars-cov-2-2020-2022
umap_label_for_Nextstrain_clade,28977T,1,0,sars-cov-2-2020-2022
umap_label_for_Nextstrain_clade,29742T,2,"1,3",sars-cov-2-2020-2022
umap_label_for_Nextstrain_clade,29828-,1,2,sars-cov-2-2020-2022
umap_label_for_Nextstrain_clade,29829-,1,2,sars-cov-2-2020-2022
umap_label_for_Nextstrain_clade,28364-,1,2,sars-cov-2-2020-2022
umap_label_for_Nextstrain_clade,29832-,1,2,sars-cov-2-2020-2022
umap_label_for_Nextstrain_clade,29830-,1,2,sars-cov-2-2020-2022
umap_label_for_Nextstrain_clade,29831-,1,2,sars-cov-2-2020-2022
umap_label_for_Nextstrain_clade,28881A,3,"0,2,4",sars-cov-2-2020-2022
umap_label_for_Nextstrain_clade,28363-,1,2,sars-cov-2-2020-2022
umap_label_for_Nextstrain_clade,28048T,1,0,sars-cov-2-2020-2022
umap_label_for_Nextstrain_clade,2832G,1,2,sars-cov-2-2020-2022
umap_label_for_Nextstrain_clade,26767C,2,"1,3",sars-cov-2-2020-2022
umap_label_for_Nextstrain_clade,29833-,1,2,sars-cov-2-2020-2022
umap_label_for_Nextstrain_clade,26709A,1,2,sars-cov-2-2020-2022
umap_label_for_Nextstrain_clade,27259C,1,2,sars-cov-2-2020-2022
umap_label_for_Nextstrain_clade,2749T,1,4,sars-cov-2-2020-2022
umap_label_for_Nextstrain_clade,27638C,2,"1,3",sars-cov-2-2020-2022
umap_label_for_Nextstrain_clade,27752T,2,"1,3",sars-cov-2-2020-2022
umap_label_for_Nextstrain_clade,27807T,1,2,sars-cov-2-2020-2022
umap_label_for_Nextstrain_clade,27874T,1,1,sars-cov-2-2020-2022
umap_label_for_Nextstrain_clade,27972T,1,0,sars-cov-2-2020-2022
umap_label_for_Nextstrain_clade,28111G,1,0,sars-cov-2-2020-2022
umap_label_for_Nextstrain_clade,28362-,1,2,sars-cov-2-2020-2022
umap_label_for_Nextstrain_clade,28167A,1,4,sars-cov-2-2020-2022
umap_label_for_Nextstrain_clade,28249-,2,"1,3",sars-cov-2-2020-2022
umap_label_for_Nextstrain_clade,28250-,2,"1,3",sars-cov-2-2020-2022
umap_label_for_Nextstrain_clade,28251-,2,"1,3",sars-cov-2-2020-2022
umap_label_for_Nextstrain_clade,28252-,2,"1,3",sars-cov-2-2020-2022
umap_label_for_Nextstrain_clade,28253-,2,"1,3",sars-cov-2-2020-2022
umap_label_for_Nextstrain_clade,28271-,3,"0,1,3",sars-cov-2-2020-2022
umap_label_for_Nextstrain_clade,28271T,1,2,sars-cov-2-2020-2022
umap_label_for_Nextstrain_clade,28280C,1,0,sars-cov-2-2020-2022
umap_label_for_Nextstrain_clade,28281T,1,0,sars-cov-2-2020-2022
umap_label_for_Nextstrain_clade,28282A,1,0,sars-cov-2-2020-2022
umap_label_for_Nextstrain_clade,28311T,1,2,sars-cov-2-2020-2022
umap_label_for_Nextstrain_clade,28248-,2,"1,3",sars-cov-2-2020-2022
umap_label_for_Nextstrain_clade,29834-,1,2,sars-cov-2-2020-2022
umap_label_for_Nextstrain_clade,5184T,1,3,sars-cov-2-2020-2022
umap_label_for_Nextstrain_clade,29835-,1,2,sars-cov-2-2020-2022
umap_label_for_Nextstrain_clade,45-,2,"2,3",sars-cov-2-2020-2022
umap_label_for_Nextstrain_clade,46-,2,"2,3",sars-cov-2-2020-2022
umap_label_for_Nextstrain_clade,47-,2,"2,3",sars-cov-2-2020-2022
umap_label_for_Nextstrain_clade,48-,2,"2,3",sars-cov-2-2020-2022
umap_label_for_Nextstrain_clade,49-,2,"2,3",sars-cov-2-2020-2022
umap_label_for_Nextstrain_clade,50-,1,2,sars-cov-2-2020-2022
umap_label_for_Nextstrain_clade,5386G,1,2,sars-cov-2-2020-2022
umap_label_for_Nextstrain_clade,5388A,1,0,sars-cov-2-2020-2022
umap_label_for_Nextstrain_clade,5648C,1,4,sars-cov-2-2020-2022
umap_label_for_Nextstrain_clade,5986T,1,0,sars-cov-2-2020-2022
umap_label_for_Nextstrain_clade,6319G,1,4,sars-cov-2-2020-2022
umap_label_for_Nextstrain_clade,6402T,1,1,sars-cov-2-2020-2022
umap_label_for_Nextstrain_clade,6513-,1,2,sars-cov-2-2020-2022
umap_label_for_Nextstrain_clade,6514-,1,2,sars-cov-2-2020-2022
umap_label_for_Nextstrain_clade,6515-,1,2,sars-cov-2-2020-2022
umap_label_for_Nextstrain_clade,6613G,1,4,sars-cov-2-2020-2022
umap_label_for_Nextstrain_clade,6954C,1,0,sars-cov-2-2020-2022
umap_label_for_Nextstrain_clade,7124T,1,1,sars-cov-2-2020-2022
umap_label_for_Nextstrain_clade,733C,1,4,sars-cov-2-2020-2022
umap_label_for_Nextstrain_clade,8393A,1,2,sars-cov-2-2020-2022
umap_label_for_Nextstrain_clade,8986T,1,1,sars-cov-2-2020-2022
umap_label_for_Nextstrain_clade,26577G,1,2,sars-cov-2-2020-2022
umap_label_for_Nextstrain_clade,9053T,1,1,sars-cov-2-2020-2022
umap_label_for_Nextstrain_clade,44-,3,"0,2,3",sars-cov-2-2020-2022
umap_label_for_Nextstrain_clade,43-,3,"0,2,3",sars-cov-2-2020-2022
umap_label_for_Nextstrain_clade,42-,3,"0,2,3",sars-cov-2-2020-2022
umap_label_for_Nextstrain_clade,4181T,1,1,sars-cov-2-2020-2022
umap_label_for_Nextstrain_clade,29836-,1,2,sars-cov-2-2020-2022
umap_label_for_Nextstrain_clade,29837-,4,"0,1,2,3",sars-cov-2-2020-2022
umap_label_for_Nextstrain_clade,29838-,4,"0,1,2,3",sars-cov-2-2020-2022
umap_label_for_Nextstrain_clade,29839-,4,"0,1,2,3",sars-cov-2-2020-2022
umap_label_for_Nextstrain_clade,29840-,4,"0,1,2,3",sars-cov-2-2020-2022
umap_label_for_Nextstrain_clade,29841-,4,"0,1,2,3",sars-cov-2-2020-2022
umap_label_for_Nextstrain_clade,29842-,4,"0,1,2,3",sars-cov-2-2020-2022
umap_label_for_Nextstrain_clade,29843-,5,"0,1,2,3,5",sars-cov-2-2020-2022
umap_label_for_Nextstrain_clade,29844-,5,"0,1,2,3,5",sars-cov-2-2020-2022
umap_label_for_Nextstrain_clade,29845-,5,"0,1,2,3,5",sars-cov-2-2020-2022
umap_label_for_Nextstrain_clade,29846-,5,"0,1,2,3,5",sars-cov-2-2020-2022
umap_label_for_Nextstrain_clade,29834A,1,4,sars-cov-2-2020-2022
umap_label_for_Nextstrain_clade,29847-,5,"0,1,2,3,5",sars-cov-2-2020-2022
umap_label_for_Nextstrain_clade,29849-,5,"0,1,2,3,5",sars-cov-2-2020-2022
umap_label_for_Nextstrain_clade,29850-,5,"0,1,2,3,5",sars-cov-2-2020-2022
umap_label_for_Nextstrain_clade,29851-,5,"0,1,2,3,5",sars-cov-2-2020-2022
umap_label_for_Nextstrain_clade,29852-,5,"0,1,2,3,5",sars-cov-2-2020-2022
umap_label_for_Nextstrain_clade,29853-,5,"0,1,2,3,5",sars-cov-2-2020-2022
umap_label_for_Nextstrain_clade,29854-,5,"0,1,2,3,5",sars-cov-2-2020-2022
umap_label_for_Nextstrain_clade,3267T,1,0,sars-cov-2-2020-2022
umap_label_for_Nextstrain_clade,3828T,1,4,sars-cov-2-2020-2022
umap_label_for_Nextstrain_clade,39-,5,"0,1,2,3,5",sars-cov-2-2020-2022
umap_label_for_Nextstrain_clade,40-,3,"0,2,3",sars-cov-2-2020-2022
umap_label_for_Nextstrain_clade,41-,3,"0,2,3",sars-cov-2-2020-2022
umap_label_for_Nextstrain_clade,29848-,5,"0,1,2,3,5",sars-cov-2-2020-2022
umap_label_for_Nextstrain_clade,26530G,1,2,sars-cov-2-2020-2022
umap_label_for_Nextstrain_clade,19220T,1,1,sars-cov-2-2020-2022
umap_label_for_Nextstrain_clade,26149C,1,4,sars-cov-2-2020-2022
umap_label_for_Nextstrain_clade,16176C,1,0,sars-cov-2-2020-2022
umap_label_for_Nextstrain_clade,16466T,2,"1,3",sars-cov-2-2020-2022
umap_label_for_Nextstrain_clade,17259T,1,4,sars-cov-2-2020-2022
umap_label_for_Nextstrain_clade,18163G,1,2,sars-cov-2-2020-2022
umap_label_for_Nextstrain_clade,210T,2,"1,3",sars-cov-2-2020-2022
umap_label_for_Nextstrain_clade,21614T,1,4,sars-cov-2-2020-2022
umap_label_for_Nextstrain_clade,21618G,2,"1,3",sars-cov-2-2020-2022
umap_label_for_Nextstrain_clade,21621A,1,4,sars-cov-2-2020-2022
umap_label_for_Nextstrain_clade,21638T,1,4,sars-cov-2-2020-2022
umap_label_for_Nextstrain_clade,21762T,1,2,sars-cov-2-2020-2022
umap_label_for_Nextstrain_clade,21765-,2,"0,2",sars-cov-2-2020-2022
umap_label_for_Nextstrain_clade,21766-,2,"0,2",sars-cov-2-2020-2022
umap_label_for_Nextstrain_clade,21767-,2,"0,2",sars-cov-2-2020-2022
umap_label_for_Nextstrain_clade,21768-,2,"0,2",sars-cov-2-2020-2022
umap_label_for_Nextstrain_clade,21769-,2,"0,2",sars-cov-2-2020-2022
umap_label_for_Nextstrain_clade,21770-,2,"0,2",sars-cov-2-2020-2022
umap_label_for_Nextstrain_clade,21846T,1,2,sars-cov-2-2020-2022
umap_label_for_Nextstrain_clade,21974T,1,4,sars-cov-2-2020-2022
umap_label_for_Nextstrain_clade,21987-,1,2,sars-cov-2-2020-2022
umap_label_for_Nextstrain_clade,21987A,2,"1,3",sars-cov-2-2020-2022
umap_label_for_Nextstrain_clade,21988-,1,2,sars-cov-2-2020-2022
umap_label_for_Nextstrain_clade,21989-,1,2,sars-cov-2-2020-2022
umap_label_for_Nextstrain_clade,21990-,1,2,sars-cov-2-2020-2022
umap_label_for_Nextstrain_clade,15451A,2,"1,3",sars-cov-2-2020-2022
umap_label_for_Nextstrain_clade,15279T,1,0,sars-cov-2-2020-2022
umap_label_for_Nextstrain_clade,15240T,1,2,sars-cov-2-2020-2022
umap_label_for_Nextstrain_clade,14676T,1,0,sars-cov-2-2020-2022
umap_label_for_Nextstrain_clade,913T,1,0,sars-cov-2-2020-2022
umap_label_for_Nextstrain_clade,10029T,2,"1,2",sars-cov-2-2020-2022
umap_label_for_Nextstrain_clade,10449A,1,2,sars-cov-2-2020-2022
umap_label_for_Nextstrain_clade,11201G,1,1,sars-cov-2-2020-2022
umap_label_for_Nextstrain_clade,11285-,1,2,sars-cov-2-2020-2022
umap_label_for_Nextstrain_clade,11286-,1,2,sars-cov-2-2020-2022
umap_label_for_Nextstrain_clade,11287-,1,2,sars-cov-2-2020-2022
umap_label_for_Nextstrain_clade,11288-,3,"0,2,4",sars-cov-2-2020-2022
umap_label_for_Nextstrain_clade,11289-,3,"0,2,4",sars-cov-2-2020-2022
umap_label_for_Nextstrain_clade,11290-,3,"0,2,4",sars-cov-2-2020-2022
umap_label_for_Nextstrain_clade,11291-,3,"0,2,4",sars-cov-2-2020-2022
umap_label_for_Nextstrain_clade,21991-,1,2,sars-cov-2-2020-2022
umap_label_for_Nextstrain_clade,11292-,3,"0,2,4",sars-cov-2-2020-2022
umap_label_for_Nextstrain_clade,11294-,2,"0,4",sars-cov-2-2020-2022
umap_label_for_Nextstrain_clade,11295-,2,"0,4",sars-cov-2-2020-2022
umap_label_for_Nextstrain_clade,11296-,2,"0,4",sars-cov-2-2020-2022
umap_label_for_Nextstrain_clade,11332G,1,1,sars-cov-2-2020-2022
umap_label_for_Nextstrain_clade,11418C,1,3,sars-cov-2-2020-2022
umap_label_for_Nextstrain_clade,11514T,1,3,sars-cov-2-2020-2022
umap_label_for_Nextstrain_clade,11537G,1,2,sars-cov-2-2020-2022
umap_label_for_Nextstrain_clade,12778T,1,4,sars-cov-2-2020-2022
umap_label_for_Nextstrain_clade,13019T,1,3,sars-cov-2-2020-2022
umap_label_for_Nextstrain_clade,13195C,1,2,sars-cov-2-2020-2022
umap_label_for_Nextstrain_clade,13860T,1,4,sars-cov-2-2020-2022
umap_label_for_Nextstrain_clade,11293-,3,"0,2,4",sars-cov-2-2020-2022
umap_label_for_Nextstrain_clade,21992-,2,"0,2",sars-cov-2-2020-2022
umap_label_for_Nextstrain_clade,21993-,2,"0,2",sars-cov-2-2020-2022
umap_label_for_Nextstrain_clade,21994-,2,"0,2",sars-cov-2-2020-2022
umap_label_for_Nextstrain_clade,23055G,1,2,sars-cov-2-2020-2022
umap_label_for_Nextstrain_clade,23063T,3,"0,2,4",sars-cov-2-2020-2022
umap_label_for_Nextstrain_clade,23075C,1,2,sars-cov-2-2020-2022
umap_label_for_Nextstrain_clade,23202A,1,2,sars-cov-2-2020-2022
umap_label_for_Nextstrain_clade,23271A,1,0,sars-cov-2-2020-2022
umap_label_for_Nextstrain_clade,23525T,2,"2,4",sars-cov-2-2020-2022
umap_label_for_Nextstrain_clade,23599G,1,2,sars-cov-2-2020-2022
umap_label_for_Nextstrain_clade,23604A,2,"0,2",sars-cov-2-2020-2022
umap_label_for_Nextstrain_clade,23604G,2,"1,3",sars-cov-2-2020-2022
umap_label_for_Nextstrain_clade,23709T,1,0,sars-cov-2-2020-2022
umap_label_for_Nextstrain_clade,23854A,1,2,sars-cov-2-2020-2022
umap_label_for_Nextstrain_clade,23048A,1,2,sars-cov-2-2020-2022
umap_label_for_Nextstrain_clade,23948T,1,2,sars-cov-2-2020-2022
umap_label_for_Nextstrain_clade,24410A,2,"1,3",sars-cov-2-2020-2022
umap_label_for_Nextstrain_clade,24424T,1,2,sars-cov-2-2020-2022
umap_label_for_Nextstrain_clade,24469A,1,2,sars-cov-2-2020-2022
umap_label_for_Nextstrain_clade,24503T,1,2,sars-cov-2-2020-2022
umap_label_for_Nextstrain_clade,24506G,1,0,sars-cov-2-2020-2022
umap_label_for_Nextstrain_clade,24642T,1,4,sars-cov-2-2020-2022
umap_label_for_Nextstrain_clade,24914C,1,0,sars-cov-2-2020-2022
umap_label_for_Nextstrain_clade,25000T,1,2,sars-cov-2-2020-2022
umap_label_for_Nextstrain_clade,25088T,1,4,sars-cov-2-2020-2022
umap_label_for_Nextstrain_clade,25469T,2,"1,3",sars-cov-2-2020-2022
umap_label_for_Nextstrain_clade,25584T,1,2,sars-cov-2-2020-2022
umap_label_for_Nextstrain_clade,24130A,1,2,sars-cov-2-2020-2022
umap_label_for_Nextstrain_clade,26270T,1,2,sars-cov-2-2020-2022
umap_label_for_Nextstrain_clade,23040G,1,2,sars-cov-2-2020-2022
umap_label_for_Nextstrain_clade,23012A,1,4,sars-cov-2-2020-2022
umap_label_for_Nextstrain_clade,21995-,1,2,sars-cov-2-2020-2022
umap_label_for_Nextstrain_clade,22029-,2,"1,3",sars-cov-2-2020-2022
umap_label_for_Nextstrain_clade,22030-,2,"1,3",sars-cov-2-2020-2022
umap_label_for_Nextstrain_clade,22031-,2,"1,3",sars-cov-2-2020-2022
umap_label_for_Nextstrain_clade,22032-,2,"1,3",sars-cov-2-2020-2022
umap_label_for_Nextstrain_clade,22033-,2,"1,3",sars-cov-2-2020-2022
umap_label_for_Nextstrain_clade,22034-,2,"1,3",sars-cov-2-2020-2022
umap_label_for_Nextstrain_clade,22132T,1,4,sars-cov-2-2020-2022
umap_label_for_Nextstrain_clade,22194-,1,2,sars-cov-2-2020-2022
umap_label_for_Nextstrain_clade,22195-,1,2,sars-cov-2-2020-2022
umap_label_for_Nextstrain_clade,22196-,1,2,sars-cov-2-2020-2022
umap_label_for_Nextstrain_clade,23013C,1,2,sars-cov-2-2020-2022
umap_label_for_Nextstrain_clade,22227T,1,3,sars-cov-2-2020-2022
umap_label_for_Nextstrain_clade,22673C,1,2,sars-cov-2-2020-2022
umap_label_for_Nextstrain_clade,22674T,1,2,sars-cov-2-2020-2022
umap_label_for_Nextstrain_clade,22679C,1,2,sars-cov-2-2020-2022
umap_label_for_Nextstrain_clade,22686T,1,2,sars-cov-2-2020-2022
umap_label_for_Nextstrain_clade,22812C,1,4,sars-cov-2-2020-2022
umap_label_for_Nextstrain_clade,22813T,1,2,sars-cov-2-2020-2022
umap_label_for_Nextstrain_clade,22882G,1,2,sars-cov-2-2020-2022
umap_label_for_Nextstrain_clade,22898A,1,2,sars-cov-2-2020-2022
umap_label_for_Nextstrain_clade,22917G,2,"1,3",sars-cov-2-2020-2022
umap_label_for_Nextstrain_clade,22992A,1,2,sars-cov-2-2020-2022
umap_label_for_Nextstrain_clade,22995A,3,"1,2,3",sars-cov-2-2020-2022
umap_label_for_Nextstrain_clade,22578A,1,2,sars-cov-2-2020-2022
umap_label_for_Nextstrain_clade,9891T,1,3,sars-cov-2-2020-2022
