mse,components,perplexity,learning_rate,method,nearest_neighbors,min_dist,recombination_rate,replicate,train_test_split
0.00033721205329053787,2,nan,nan,pca,nan,nan,no-reassortment,1,0
0.000395824036631695,3,nan,nan,pca,nan,nan,no-reassortment,1,0
0.00042578410610791246,4,nan,nan,pca,nan,nan,no-reassortment,1,0
0.0004518135050720274,5,nan,nan,pca,nan,nan,no-reassortment,1,0
0.00047128285105253905,6,nan,nan,pca,nan,nan,no-reassortment,1,0
0.000380359053443435,2,nan,nan,mds,nan,nan,no-reassortment,1,0
0.00041263450649086644,3,nan,nan,mds,nan,nan,no-reassortment,1,0
0.00038738206031142515,4,nan,nan,mds,nan,nan,no-reassortment,1,0
0.00044367571340263263,5,nan,nan,mds,nan,nan,no-reassortment,1,0
0.0004195183414346569,6,nan,nan,mds,nan,nan,no-reassortment,1,0
0.0005072166821743345,nan,15.0,100.0,t-sne,nan,nan,no-reassortment,1,0
0.0004893819229064356,nan,15.0,200.0,t-sne,nan,nan,no-reassortment,1,0
0.0004698169206203841,nan,15.0,500.0,t-sne,nan,nan,no-reassortment,1,0
0.00036439401552975666,nan,30.0,100.0,t-sne,nan,nan,no-reassortment,1,0
0.00037558212977576794,nan,30.0,200.0,t-sne,nan,nan,no-reassortment,1,0
0.0004054653264568062,nan,30.0,500.0,t-sne,nan,nan,no-reassortment,1,0
0.0004161790888588693,nan,100.0,100.0,t-sne,nan,nan,no-reassortment,1,0
0.0001296456890647257,nan,100.0,200.0,t-sne,nan,nan,no-reassortment,1,0
0.00031917366658213483,nan,100.0,500.0,t-sne,nan,nan,no-reassortment,1,0
8.641529418254713e-05,nan,200.0,100.0,t-sne,nan,nan,no-reassortment,1,0
5.743918672325665e-05,nan,200.0,200.0,t-sne,nan,nan,no-reassortment,1,0
8.077036887758293e-05,nan,200.0,500.0,t-sne,nan,nan,no-reassortment,1,0
6.123803696000148e-05,nan,300.0,100.0,t-sne,nan,nan,no-reassortment,1,0
6.330247313057736e-05,nan,300.0,200.0,t-sne,nan,nan,no-reassortment,1,0
6.9085834638326e-05,nan,300.0,500.0,t-sne,nan,nan,no-reassortment,1,0
0.0002040328010219896,nan,nan,nan,umap,25,0.05,no-reassortment,1,0
0.00013451756924754075,nan,nan,nan,umap,25,0.1,no-reassortment,1,0
0.0001623986542115155,nan,nan,nan,umap,25,0.25,no-reassortment,1,0
0.00012404383074253824,nan,nan,nan,umap,50,0.05,no-reassortment,1,0
0.00017724195756777566,nan,nan,nan,umap,50,0.1,no-reassortment,1,0
0.00014255843139968284,nan,nan,nan,umap,50,0.25,no-reassortment,1,0
0.0001369475515247207,nan,nan,nan,umap,100,0.05,no-reassortment,1,0
0.00013203987798240886,nan,nan,nan,umap,100,0.1,no-reassortment,1,0
0.00015303223621460505,nan,nan,nan,umap,100,0.25,no-reassortment,1,0
0.0004632387998393031,2,nan,nan,pca,nan,nan,no-reassortment,1,1
0.0005219207740365997,3,nan,nan,pca,nan,nan,no-reassortment,1,1
0.0005406299290965772,4,nan,nan,pca,nan,nan,no-reassortment,1,1
0.0005594475855287834,5,nan,nan,pca,nan,nan,no-reassortment,1,1
0.00058768393155577,6,nan,nan,pca,nan,nan,no-reassortment,1,1
0.0006930676676984483,2,nan,nan,mds,nan,nan,no-reassortment,1,1
0.0006887595192598679,3,nan,nan,mds,nan,nan,no-reassortment,1,1
0.0006660741353799486,4,nan,nan,mds,nan,nan,no-reassortment,1,1
0.0006656574106865693,5,nan,nan,mds,nan,nan,no-reassortment,1,1
0.0006455160489091179,6,nan,nan,mds,nan,nan,no-reassortment,1,1
0.0007696656100508706,nan,15.0,100.0,t-sne,nan,nan,no-reassortment,1,1
0.0007149468182275637,nan,15.0,200.0,t-sne,nan,nan,no-reassortment,1,1
0.000705304641115685,nan,15.0,500.0,t-sne,nan,nan,no-reassortment,1,1
0.000634228940991494,nan,30.0,100.0,t-sne,nan,nan,no-reassortment,1,1
0.0007385015627565729,nan,30.0,200.0,t-sne,nan,nan,no-reassortment,1,1
0.0006837901832752926,nan,30.0,500.0,t-sne,nan,nan,no-reassortment,1,1
0.0007698507336276834,nan,100.0,100.0,t-sne,nan,nan,no-reassortment,1,1
0.0004490887851566426,nan,100.0,200.0,t-sne,nan,nan,no-reassortment,1,1
0.00022645941372854592,nan,100.0,500.0,t-sne,nan,nan,no-reassortment,1,1
0.00010826334984989323,nan,200.0,100.0,t-sne,nan,nan,no-reassortment,1,1
7.19342019427154e-05,nan,200.0,200.0,t-sne,nan,nan,no-reassortment,1,1
6.632469278345172e-05,nan,200.0,500.0,t-sne,nan,nan,no-reassortment,1,1
5.6609138054854494e-05,nan,300.0,100.0,t-sne,nan,nan,no-reassortment,1,1
5.432675237409674e-05,nan,300.0,200.0,t-sne,nan,nan,no-reassortment,1,1
0.00010438381478978505,nan,300.0,500.0,t-sne,nan,nan,no-reassortment,1,1
0.0003291684215109564,nan,nan,nan,umap,25,0.05,no-reassortment,1,1
0.0002916531013164284,nan,nan,nan,umap,25,0.1,no-reassortment,1,1
0.0004580866005725185,nan,nan,nan,umap,25,0.25,no-reassortment,1,1
0.00027231051612528807,nan,nan,nan,umap,50,0.05,no-reassortment,1,1
0.0004225909633564535,nan,nan,nan,umap,50,0.1,no-reassortment,1,1
0.000564435920247122,nan,nan,nan,umap,50,0.25,no-reassortment,1,1
0.00029109749947148233,nan,nan,nan,umap,100,0.05,no-reassortment,1,1
0.00036402665998992576,nan,nan,nan,umap,100,0.1,no-reassortment,1,1
0.00031841843716482116,nan,nan,nan,umap,100,0.25,no-reassortment,1,1
0.0007092823282605402,2,nan,nan,pca,nan,nan,no-reassortment,1,2
0.0006452740785987623,3,nan,nan,pca,nan,nan,no-reassortment,1,2
0.0006430069914330953,4,nan,nan,pca,nan,nan,no-reassortment,1,2
0.0006293111771601646,5,nan,nan,pca,nan,nan,no-reassortment,1,2
0.0006352728288522594,6,nan,nan,pca,nan,nan,no-reassortment,1,2
0.0008987727193846307,2,nan,nan,mds,nan,nan,no-reassortment,1,2
0.0007631522543156582,3,nan,nan,mds,nan,nan,no-reassortment,1,2
0.0007701897916297751,4,nan,nan,mds,nan,nan,no-reassortment,1,2
0.0007879719731632566,5,nan,nan,mds,nan,nan,no-reassortment,1,2
0.0007869296176614669,6,nan,nan,mds,nan,nan,no-reassortment,1,2
0.0008264382358052814,nan,15.0,100.0,t-sne,nan,nan,no-reassortment,1,2
0.0007758378152595074,nan,15.0,200.0,t-sne,nan,nan,no-reassortment,1,2
0.0007854747490015328,nan,15.0,500.0,t-sne,nan,nan,no-reassortment,1,2
0.0008030911800868212,nan,30.0,100.0,t-sne,nan,nan,no-reassortment,1,2
0.0006656699583780984,nan,30.0,200.0,t-sne,nan,nan,no-reassortment,1,2
0.0007592781118432885,nan,30.0,500.0,t-sne,nan,nan,no-reassortment,1,2
0.000559754095342725,nan,100.0,100.0,t-sne,nan,nan,no-reassortment,1,2
0.0003083211143385972,nan,100.0,200.0,t-sne,nan,nan,no-reassortment,1,2
0.00019124113801349037,nan,100.0,500.0,t-sne,nan,nan,no-reassortment,1,2
0.0003800479826962801,nan,200.0,100.0,t-sne,nan,nan,no-reassortment,1,2
0.00035689012408583726,nan,200.0,200.0,t-sne,nan,nan,no-reassortment,1,2
0.00024832652083688826,nan,200.0,500.0,t-sne,nan,nan,no-reassortment,1,2
0.00018936783894268276,nan,300.0,100.0,t-sne,nan,nan,no-reassortment,1,2
0.0003203374037960056,nan,300.0,200.0,t-sne,nan,nan,no-reassortment,1,2
0.00045311037765458084,nan,300.0,500.0,t-sne,nan,nan,no-reassortment,1,2
0.00021516065327406716,nan,nan,nan,umap,25,0.05,no-reassortment,1,2
0.00022068551871964033,nan,nan,nan,umap,25,0.1,no-reassortment,1,2
0.0006182605967221006,nan,nan,nan,umap,25,0.25,no-reassortment,1,2
0.000236383197363421,nan,nan,nan,umap,50,0.05,no-reassortment,1,2
0.0003297953352482335,nan,nan,nan,umap,50,0.1,no-reassortment,1,2
0.00032281165219626216,nan,nan,nan,umap,50,0.25,no-reassortment,1,2
0.00025841341101672807,nan,nan,nan,umap,100,0.05,no-reassortment,1,2
0.00022100373270052368,nan,nan,nan,umap,100,0.1,no-reassortment,1,2
0.00019654638660259507,nan,nan,nan,umap,100,0.25,no-reassortment,1,2
5.105219247844298e-06,2,nan,nan,pca,nan,nan,no-reassortment,1,3
2.1889074914645274e-05,3,nan,nan,pca,nan,nan,no-reassortment,1,3
4.5400927632811025e-05,4,nan,nan,pca,nan,nan,no-reassortment,1,3
6.372861015515003e-05,5,nan,nan,pca,nan,nan,no-reassortment,1,3
6.090852829009659e-05,6,nan,nan,pca,nan,nan,no-reassortment,1,3
6.597827225136487e-05,2,nan,nan,mds,nan,nan,no-reassortment,1,3
6.278006619315601e-05,3,nan,nan,mds,nan,nan,no-reassortment,1,3
7.014498115327027e-05,4,nan,nan,mds,nan,nan,no-reassortment,1,3
7.487077013437348e-05,5,nan,nan,mds,nan,nan,no-reassortment,1,3
7.839552340375752e-05,6,nan,nan,mds,nan,nan,no-reassortment,1,3
0.00016900449959052568,nan,15.0,100.0,t-sne,nan,nan,no-reassortment,1,3
0.0001788284089728896,nan,15.0,200.0,t-sne,nan,nan,no-reassortment,1,3
0.00016977836621416954,nan,15.0,500.0,t-sne,nan,nan,no-reassortment,1,3
0.00015271754845396705,nan,30.0,100.0,t-sne,nan,nan,no-reassortment,1,3
0.00015067750962560205,nan,30.0,200.0,t-sne,nan,nan,no-reassortment,1,3
0.000162143441548813,nan,30.0,500.0,t-sne,nan,nan,no-reassortment,1,3
6.561646649051156e-05,nan,100.0,100.0,t-sne,nan,nan,no-reassortment,1,3
6.489249034257174e-05,nan,100.0,200.0,t-sne,nan,nan,no-reassortment,1,3
5.489668216279678e-05,nan,100.0,500.0,t-sne,nan,nan,no-reassortment,1,3
2.231496532009546e-05,nan,200.0,100.0,t-sne,nan,nan,no-reassortment,1,3
9.726591447536969e-06,nan,200.0,200.0,t-sne,nan,nan,no-reassortment,1,3
1.9791994127998676e-05,nan,200.0,500.0,t-sne,nan,nan,no-reassortment,1,3
1.917746609253529e-05,nan,300.0,100.0,t-sne,nan,nan,no-reassortment,1,3
1.4181641986769586e-05,nan,300.0,200.0,t-sne,nan,nan,no-reassortment,1,3
2.2310368471700297e-05,nan,300.0,500.0,t-sne,nan,nan,no-reassortment,1,3
7.787770242726734e-05,nan,nan,nan,umap,25,0.05,no-reassortment,1,3
8.553470126530941e-05,nan,nan,nan,umap,25,0.1,no-reassortment,1,3
0.00010127646167676721,nan,nan,nan,umap,25,0.25,no-reassortment,1,3
3.905146336710519e-05,nan,nan,nan,umap,50,0.05,no-reassortment,1,3
3.3144133612819566e-05,nan,nan,nan,umap,50,0.1,no-reassortment,1,3
9.927787568320597e-05,nan,nan,nan,umap,50,0.25,no-reassortment,1,3
2.6928102532061777e-05,nan,nan,nan,umap,100,0.05,no-reassortment,1,3
3.530913866103478e-05,nan,nan,nan,umap,100,0.1,no-reassortment,1,3
2.568519992299341e-05,nan,nan,nan,umap,100,0.25,no-reassortment,1,3
9.815884189910121e-06,2,nan,nan,pca,nan,nan,no-reassortment,1,4
4.567807599930288e-05,3,nan,nan,pca,nan,nan,no-reassortment,1,4
6.721840758500879e-05,4,nan,nan,pca,nan,nan,no-reassortment,1,4
8.332188169995817e-05,5,nan,nan,pca,nan,nan,no-reassortment,1,4
7.904369195042574e-05,6,nan,nan,pca,nan,nan,no-reassortment,1,4
6.400523447823423e-05,2,nan,nan,mds,nan,nan,no-reassortment,1,4
7.62634375346338e-05,3,nan,nan,mds,nan,nan,no-reassortment,1,4
8.927592454332947e-05,4,nan,nan,mds,nan,nan,no-reassortment,1,4
9.584249067401971e-05,5,nan,nan,mds,nan,nan,no-reassortment,1,4
0.00010175660918158314,6,nan,nan,mds,nan,nan,no-reassortment,1,4
0.00022715405333539957,nan,15.0,100.0,t-sne,nan,nan,no-reassortment,1,4
0.0001953259735966065,nan,15.0,200.0,t-sne,nan,nan,no-reassortment,1,4
0.0002109710261919987,nan,15.0,500.0,t-sne,nan,nan,no-reassortment,1,4
0.00011799522023180839,nan,30.0,100.0,t-sne,nan,nan,no-reassortment,1,4
0.00011910100713817609,nan,30.0,200.0,t-sne,nan,nan,no-reassortment,1,4
0.00013463081148056355,nan,30.0,500.0,t-sne,nan,nan,no-reassortment,1,4
1.2278713204281106e-05,nan,100.0,100.0,t-sne,nan,nan,no-reassortment,1,4
3.649386643976993e-05,nan,100.0,200.0,t-sne,nan,nan,no-reassortment,1,4
1.0818844384583679e-05,nan,100.0,500.0,t-sne,nan,nan,no-reassortment,1,4
0.00010628156389572611,nan,200.0,100.0,t-sne,nan,nan,no-reassortment,1,4
8.022048619785705e-05,nan,200.0,200.0,t-sne,nan,nan,no-reassortment,1,4
0.0001436053171363474,nan,200.0,500.0,t-sne,nan,nan,no-reassortment,1,4
5.596309410027428e-05,nan,300.0,100.0,t-sne,nan,nan,no-reassortment,1,4
0.00011454915455302564,nan,300.0,200.0,t-sne,nan,nan,no-reassortment,1,4
3.061455004970971e-05,nan,300.0,500.0,t-sne,nan,nan,no-reassortment,1,4
5.681531233221042e-05,nan,nan,nan,umap,25,0.05,no-reassortment,1,4
5.693415752988429e-05,nan,nan,nan,umap,25,0.1,no-reassortment,1,4
3.1566390965211915e-05,nan,nan,nan,umap,25,0.25,no-reassortment,1,4
5.8310443362453686e-05,nan,nan,nan,umap,50,0.05,no-reassortment,1,4
6.0067260906001433e-05,nan,nan,nan,umap,50,0.1,no-reassortment,1,4
2.9372178184300535e-05,nan,nan,nan,umap,50,0.25,no-reassortment,1,4
4.93286915360238e-05,nan,nan,nan,umap,100,0.05,no-reassortment,1,4
2.4972142466909385e-05,nan,nan,nan,umap,100,0.1,no-reassortment,1,4
2.9193645336191132e-05,nan,nan,nan,umap,100,0.25,no-reassortment,1,4
0.00012856323434906245,2,nan,nan,pca,nan,nan,no-reassortment,2,0
9.726522987430275e-05,3,nan,nan,pca,nan,nan,no-reassortment,2,0
8.519311516082492e-05,4,nan,nan,pca,nan,nan,no-reassortment,2,0
8.28780728616214e-05,5,nan,nan,pca,nan,nan,no-reassortment,2,0
8.108584272142999e-05,6,nan,nan,pca,nan,nan,no-reassortment,2,0
0.00011096772629163905,2,nan,nan,mds,nan,nan,no-reassortment,2,0
0.0001416125617858283,3,nan,nan,mds,nan,nan,no-reassortment,2,0
0.00015902783801190936,4,nan,nan,mds,nan,nan,no-reassortment,2,0
0.00016021336849800542,5,nan,nan,mds,nan,nan,no-reassortment,2,0
0.0001570867331315135,6,nan,nan,mds,nan,nan,no-reassortment,2,0
0.00020190314805847953,nan,15.0,100.0,t-sne,nan,nan,no-reassortment,2,0
0.0001961058604261751,nan,15.0,200.0,t-sne,nan,nan,no-reassortment,2,0
0.0002139477282232739,nan,15.0,500.0,t-sne,nan,nan,no-reassortment,2,0
0.00023017275983267866,nan,30.0,100.0,t-sne,nan,nan,no-reassortment,2,0
0.0002300401038080937,nan,30.0,200.0,t-sne,nan,nan,no-reassortment,2,0
0.00023047156275524577,nan,30.0,500.0,t-sne,nan,nan,no-reassortment,2,0
0.00010479591470782634,nan,100.0,100.0,t-sne,nan,nan,no-reassortment,2,0
0.0001307897995249541,nan,100.0,200.0,t-sne,nan,nan,no-reassortment,2,0
6.862304843980367e-05,nan,100.0,500.0,t-sne,nan,nan,no-reassortment,2,0
7.185731409098757e-05,nan,200.0,100.0,t-sne,nan,nan,no-reassortment,2,0
7.816264157351845e-05,nan,200.0,200.0,t-sne,nan,nan,no-reassortment,2,0
0.00010554134647618177,nan,200.0,500.0,t-sne,nan,nan,no-reassortment,2,0
6.747145769949723e-05,nan,300.0,100.0,t-sne,nan,nan,no-reassortment,2,0
0.00010049364115743423,nan,300.0,200.0,t-sne,nan,nan,no-reassortment,2,0
0.00015665717918617617,nan,300.0,500.0,t-sne,nan,nan,no-reassortment,2,0
5.141256552639308e-05,nan,nan,nan,umap,25,0.05,no-reassortment,2,0
7.070904517994318e-05,nan,nan,nan,umap,25,0.1,no-reassortment,2,0
8.35310006191968e-05,nan,nan,nan,umap,25,0.25,no-reassortment,2,0
8.873920646061689e-05,nan,nan,nan,umap,50,0.05,no-reassortment,2,0
0.00011632313583463163,nan,nan,nan,umap,50,0.1,no-reassortment,2,0
0.00010021121799525361,nan,nan,nan,umap,50,0.25,no-reassortment,2,0
0.0001024465361778171,nan,nan,nan,umap,100,0.05,no-reassortment,2,0
0.00017515759031075037,nan,nan,nan,umap,100,0.1,no-reassortment,2,0
0.0001843809279863521,nan,nan,nan,umap,100,0.25,no-reassortment,2,0
0.0001409303752425737,2,nan,nan,pca,nan,nan,no-reassortment,2,1
0.0001271094613433895,3,nan,nan,pca,nan,nan,no-reassortment,2,1
0.00010762922526525489,4,nan,nan,pca,nan,nan,no-reassortment,2,1
9.935758097867996e-05,5,nan,nan,pca,nan,nan,no-reassortment,2,1
0.00010198053805741779,6,nan,nan,pca,nan,nan,no-reassortment,2,1
8.126923365522658e-05,2,nan,nan,mds,nan,nan,no-reassortment,2,1
0.00010359177415747859,3,nan,nan,mds,nan,nan,no-reassortment,2,1
0.00010913338427014492,4,nan,nan,mds,nan,nan,no-reassortment,2,1
9.774571598472727e-05,5,nan,nan,mds,nan,nan,no-reassortment,2,1
0.00010835336248671654,6,nan,nan,mds,nan,nan,no-reassortment,2,1
0.00016450994891940927,nan,15.0,100.0,t-sne,nan,nan,no-reassortment,2,1
0.0001471239370004914,nan,15.0,200.0,t-sne,nan,nan,no-reassortment,2,1
0.0001717159035132132,nan,15.0,500.0,t-sne,nan,nan,no-reassortment,2,1
0.00015512132072785552,nan,30.0,100.0,t-sne,nan,nan,no-reassortment,2,1
0.00016916179918437948,nan,30.0,200.0,t-sne,nan,nan,no-reassortment,2,1
0.0001927496630955578,nan,30.0,500.0,t-sne,nan,nan,no-reassortment,2,1
7.013849892483839e-05,nan,100.0,100.0,t-sne,nan,nan,no-reassortment,2,1
5.1631712742245954e-05,nan,100.0,200.0,t-sne,nan,nan,no-reassortment,2,1
0.00012356895442241947,nan,100.0,500.0,t-sne,nan,nan,no-reassortment,2,1
4.6997668474746075e-05,nan,200.0,100.0,t-sne,nan,nan,no-reassortment,2,1
4.697493769292457e-05,nan,200.0,200.0,t-sne,nan,nan,no-reassortment,2,1
5.404926538902899e-05,nan,200.0,500.0,t-sne,nan,nan,no-reassortment,2,1
3.5026236622291435e-05,nan,300.0,100.0,t-sne,nan,nan,no-reassortment,2,1
0.00011024133447840529,nan,300.0,200.0,t-sne,nan,nan,no-reassortment,2,1
9.62607581701502e-05,nan,300.0,500.0,t-sne,nan,nan,no-reassortment,2,1
7.698159726057135e-05,nan,nan,nan,umap,25,0.05,no-reassortment,2,1
6.436648937695138e-05,nan,nan,nan,umap,25,0.1,no-reassortment,2,1
5.6235537529645584e-05,nan,nan,nan,umap,25,0.25,no-reassortment,2,1
0.00016879795889390952,nan,nan,nan,umap,50,0.05,no-reassortment,2,1
0.0002163440009843115,nan,nan,nan,umap,50,0.1,no-reassortment,2,1
0.0002338622469433558,nan,nan,nan,umap,50,0.25,no-reassortment,2,1
0.00022390660591455153,nan,nan,nan,umap,100,0.05,no-reassortment,2,1
0.0003698650628338333,nan,nan,nan,umap,100,0.1,no-reassortment,2,1
0.0005469783659299389,nan,nan,nan,umap,100,0.25,no-reassortment,2,1
0.0003132536282248299,2,nan,nan,pca,nan,nan,no-reassortment,2,2
0.00030406844766997564,3,nan,nan,pca,nan,nan,no-reassortment,2,2
0.0003054524607530555,4,nan,nan,pca,nan,nan,no-reassortment,2,2
0.00034357279240465426,5,nan,nan,pca,nan,nan,no-reassortment,2,2
0.0003377262094953429,6,nan,nan,pca,nan,nan,no-reassortment,2,2
0.0002657905851937802,2,nan,nan,mds,nan,nan,no-reassortment,2,2
0.00026901772877524537,3,nan,nan,mds,nan,nan,no-reassortment,2,2
0.0002529917461546098,4,nan,nan,mds,nan,nan,no-reassortment,2,2
0.00025747284048156853,5,nan,nan,mds,nan,nan,no-reassortment,2,2
0.0002663611432628031,6,nan,nan,mds,nan,nan,no-reassortment,2,2
0.0004444484161442435,nan,15.0,100.0,t-sne,nan,nan,no-reassortment,2,2
0.0004505353745926049,nan,15.0,200.0,t-sne,nan,nan,no-reassortment,2,2
0.00038145224637044174,nan,15.0,500.0,t-sne,nan,nan,no-reassortment,2,2
0.0004599812475516693,nan,30.0,100.0,t-sne,nan,nan,no-reassortment,2,2
0.0004301517031112982,nan,30.0,200.0,t-sne,nan,nan,no-reassortment,2,2
0.0003489504697722346,nan,30.0,500.0,t-sne,nan,nan,no-reassortment,2,2
0.0003374249154958144,nan,100.0,100.0,t-sne,nan,nan,no-reassortment,2,2
0.00017633201900210018,nan,100.0,200.0,t-sne,nan,nan,no-reassortment,2,2
0.0002063368253165439,nan,100.0,500.0,t-sne,nan,nan,no-reassortment,2,2
9.998590061246821e-05,nan,200.0,100.0,t-sne,nan,nan,no-reassortment,2,2
0.00010402472712751959,nan,200.0,200.0,t-sne,nan,nan,no-reassortment,2,2
0.00021966657912766448,nan,200.0,500.0,t-sne,nan,nan,no-reassortment,2,2
0.0001366140521288105,nan,300.0,100.0,t-sne,nan,nan,no-reassortment,2,2
5.844018892763677e-05,nan,300.0,200.0,t-sne,nan,nan,no-reassortment,2,2
0.00014473056462654832,nan,300.0,500.0,t-sne,nan,nan,no-reassortment,2,2
9.511911339293356e-05,nan,nan,nan,umap,25,0.05,no-reassortment,2,2
0.00011192295375984888,nan,nan,nan,umap,25,0.1,no-reassortment,2,2
0.00010328240948713146,nan,nan,nan,umap,25,0.25,no-reassortment,2,2
0.00012688338891917619,nan,nan,nan,umap,50,0.05,no-reassortment,2,2
9.462293631711218e-05,nan,nan,nan,umap,50,0.1,no-reassortment,2,2
0.00018011028630628793,nan,nan,nan,umap,50,0.25,no-reassortment,2,2
0.00021838384211592444,nan,nan,nan,umap,100,0.05,no-reassortment,2,2
0.0002736848381924934,nan,nan,nan,umap,100,0.1,no-reassortment,2,2
0.0004502055991731213,nan,nan,nan,umap,100,0.25,no-reassortment,2,2
0.0005635126121379287,2,nan,nan,pca,nan,nan,no-reassortment,2,3
0.0007700993222883163,3,nan,nan,pca,nan,nan,no-reassortment,2,3
0.0007476029988268346,4,nan,nan,pca,nan,nan,no-reassortment,2,3
0.0008279696648683266,5,nan,nan,pca,nan,nan,no-reassortment,2,3
0.0008201378409344977,6,nan,nan,pca,nan,nan,no-reassortment,2,3
0.000556390575957363,2,nan,nan,mds,nan,nan,no-reassortment,2,3
0.0005359165101329239,3,nan,nan,mds,nan,nan,no-reassortment,2,3
0.0005954868111608155,4,nan,nan,mds,nan,nan,no-reassortment,2,3
0.0005629199066410634,5,nan,nan,mds,nan,nan,no-reassortment,2,3
0.0005216717606989431,6,nan,nan,mds,nan,nan,no-reassortment,2,3
0.0006581070143945708,nan,15.0,100.0,t-sne,nan,nan,no-reassortment,2,3
0.0006408643529856331,nan,15.0,200.0,t-sne,nan,nan,no-reassortment,2,3
0.0007032595573685475,nan,15.0,500.0,t-sne,nan,nan,no-reassortment,2,3
0.0007565629242031199,nan,30.0,100.0,t-sne,nan,nan,no-reassortment,2,3
0.0005612928482202885,nan,30.0,200.0,t-sne,nan,nan,no-reassortment,2,3
0.0006584202047212014,nan,30.0,500.0,t-sne,nan,nan,no-reassortment,2,3
0.0005555367163081987,nan,100.0,100.0,t-sne,nan,nan,no-reassortment,2,3
0.00046718931287725006,nan,100.0,200.0,t-sne,nan,nan,no-reassortment,2,3
0.00039230407871525307,nan,100.0,500.0,t-sne,nan,nan,no-reassortment,2,3
0.00018851671639837935,nan,200.0,100.0,t-sne,nan,nan,no-reassortment,2,3
9.325767811166279e-05,nan,200.0,200.0,t-sne,nan,nan,no-reassortment,2,3
0.00010407552559889788,nan,200.0,500.0,t-sne,nan,nan,no-reassortment,2,3
0.0003242159317650192,nan,300.0,100.0,t-sne,nan,nan,no-reassortment,2,3
0.00010616380543560068,nan,300.0,200.0,t-sne,nan,nan,no-reassortment,2,3
0.00022767378919166012,nan,300.0,500.0,t-sne,nan,nan,no-reassortment,2,3
0.00017406347863936077,nan,nan,nan,umap,25,0.05,no-reassortment,2,3
0.00014361325471882067,nan,nan,nan,umap,25,0.1,no-reassortment,2,3
0.0001705839040521036,nan,nan,nan,umap,25,0.25,no-reassortment,2,3
0.00017974792686208644,nan,nan,nan,umap,50,0.05,no-reassortment,2,3
0.00011874212105973699,nan,nan,nan,umap,50,0.1,no-reassortment,2,3
0.00021107135750602545,nan,nan,nan,umap,50,0.25,no-reassortment,2,3
0.0002445067914814717,nan,nan,nan,umap,100,0.05,no-reassortment,2,3
0.00021637946982897455,nan,nan,nan,umap,100,0.1,no-reassortment,2,3
0.00046681166715339435,nan,nan,nan,umap,100,0.25,no-reassortment,2,3
0.000908120909165784,2,nan,nan,pca,nan,nan,no-reassortment,2,4
0.001403594792637679,3,nan,nan,pca,nan,nan,no-reassortment,2,4
0.0012655252112779734,4,nan,nan,pca,nan,nan,no-reassortment,2,4
0.00126110149719676,5,nan,nan,pca,nan,nan,no-reassortment,2,4
0.0012720367895050948,6,nan,nan,pca,nan,nan,no-reassortment,2,4
0.0010400876015656724,2,nan,nan,mds,nan,nan,no-reassortment,2,4
0.0010133227870794692,3,nan,nan,mds,nan,nan,no-reassortment,2,4
0.0010281108404866976,4,nan,nan,mds,nan,nan,no-reassortment,2,4
0.0010200606130063745,5,nan,nan,mds,nan,nan,no-reassortment,2,4
0.0010137584547253375,6,nan,nan,mds,nan,nan,no-reassortment,2,4
0.0010208407793272157,nan,15.0,100.0,t-sne,nan,nan,no-reassortment,2,4
0.0010272327735598072,nan,15.0,200.0,t-sne,nan,nan,no-reassortment,2,4
0.000997719657358372,nan,15.0,500.0,t-sne,nan,nan,no-reassortment,2,4
0.0010145479280444468,nan,30.0,100.0,t-sne,nan,nan,no-reassortment,2,4
0.0010702362615064515,nan,30.0,200.0,t-sne,nan,nan,no-reassortment,2,4
0.0009365876433224183,nan,30.0,500.0,t-sne,nan,nan,no-reassortment,2,4
0.0008295639238007453,nan,100.0,100.0,t-sne,nan,nan,no-reassortment,2,4
0.0004931304932578829,nan,100.0,200.0,t-sne,nan,nan,no-reassortment,2,4
0.0005882955606002475,nan,100.0,500.0,t-sne,nan,nan,no-reassortment,2,4
0.00022150353617823995,nan,200.0,100.0,t-sne,nan,nan,no-reassortment,2,4
0.00044455306405811985,nan,200.0,200.0,t-sne,nan,nan,no-reassortment,2,4
0.0002116769559110371,nan,200.0,500.0,t-sne,nan,nan,no-reassortment,2,4
0.0001546384036593783,nan,300.0,100.0,t-sne,nan,nan,no-reassortment,2,4
0.00024390737600542305,nan,300.0,200.0,t-sne,nan,nan,no-reassortment,2,4
0.0005775788667899619,nan,300.0,500.0,t-sne,nan,nan,no-reassortment,2,4
0.00039130785857020617,nan,nan,nan,umap,25,0.05,no-reassortment,2,4
0.00021038720750388292,nan,nan,nan,umap,25,0.1,no-reassortment,2,4
0.0004696384043795151,nan,nan,nan,umap,25,0.25,no-reassortment,2,4
0.000332344633808809,nan,nan,nan,umap,50,0.05,no-reassortment,2,4
0.00020105355406693914,nan,nan,nan,umap,50,0.1,no-reassortment,2,4
0.0004409376663197354,nan,nan,nan,umap,50,0.25,no-reassortment,2,4
0.00022198355034324342,nan,nan,nan,umap,100,0.05,no-reassortment,2,4
0.00045669906984485806,nan,nan,nan,umap,100,0.1,no-reassortment,2,4
0.00046247047841693344,nan,nan,nan,umap,100,0.25,no-reassortment,2,4
0.00025344357378884717,2,nan,nan,pca,nan,nan,no-reassortment,3,0
0.00023165257066897128,3,nan,nan,pca,nan,nan,no-reassortment,3,0
0.00023003754236440522,4,nan,nan,pca,nan,nan,no-reassortment,3,0
0.0002459697232828247,5,nan,nan,pca,nan,nan,no-reassortment,3,0
0.0002291775468539643,6,nan,nan,pca,nan,nan,no-reassortment,3,0
0.0002517163630306064,2,nan,nan,mds,nan,nan,no-reassortment,3,0
0.00030959756076834707,3,nan,nan,mds,nan,nan,no-reassortment,3,0
0.00032478349874941263,4,nan,nan,mds,nan,nan,no-reassortment,3,0
0.0003315597284976546,5,nan,nan,mds,nan,nan,no-reassortment,3,0
0.00033247832527412934,6,nan,nan,mds,nan,nan,no-reassortment,3,0
0.0005927157230530833,nan,15.0,100.0,t-sne,nan,nan,no-reassortment,3,0
0.000549799365219565,nan,15.0,200.0,t-sne,nan,nan,no-reassortment,3,0
0.0004785028346477909,nan,15.0,500.0,t-sne,nan,nan,no-reassortment,3,0
0.00033426130822724286,nan,30.0,100.0,t-sne,nan,nan,no-reassortment,3,0
0.00031406994673013633,nan,30.0,200.0,t-sne,nan,nan,no-reassortment,3,0
0.00036902275835585684,nan,30.0,500.0,t-sne,nan,nan,no-reassortment,3,0
0.00040039584308630477,nan,100.0,100.0,t-sne,nan,nan,no-reassortment,3,0
0.0003219215027448153,nan,100.0,200.0,t-sne,nan,nan,no-reassortment,3,0
0.00019973930741128758,nan,100.0,500.0,t-sne,nan,nan,no-reassortment,3,0
0.00029263684773562094,nan,200.0,100.0,t-sne,nan,nan,no-reassortment,3,0
0.0002179559930507632,nan,200.0,200.0,t-sne,nan,nan,no-reassortment,3,0
0.00022117008160643686,nan,200.0,500.0,t-sne,nan,nan,no-reassortment,3,0
0.00028239312024856244,nan,300.0,100.0,t-sne,nan,nan,no-reassortment,3,0
0.000295269436488396,nan,300.0,200.0,t-sne,nan,nan,no-reassortment,3,0
0.0003222013268957418,nan,300.0,500.0,t-sne,nan,nan,no-reassortment,3,0
0.00019453143417193076,nan,nan,nan,umap,25,0.05,no-reassortment,3,0
0.00011239877836403584,nan,nan,nan,umap,25,0.1,no-reassortment,3,0
0.00022533985064833838,nan,nan,nan,umap,25,0.25,no-reassortment,3,0
0.0001728728410453227,nan,nan,nan,umap,50,0.05,no-reassortment,3,0
0.00031146787703030705,nan,nan,nan,umap,50,0.1,no-reassortment,3,0
0.00015559016925835575,nan,nan,nan,umap,50,0.25,no-reassortment,3,0
0.00031052002298438675,nan,nan,nan,umap,100,0.05,no-reassortment,3,0
0.00020400625883549905,nan,nan,nan,umap,100,0.1,no-reassortment,3,0
0.0003263050807420939,nan,nan,nan,umap,100,0.25,no-reassortment,3,0
0.0004026793416357015,2,nan,nan,pca,nan,nan,no-reassortment,3,1
0.0003725880223847544,3,nan,nan,pca,nan,nan,no-reassortment,3,1
0.0003271161753518369,4,nan,nan,pca,nan,nan,no-reassortment,3,1
0.0002964332779936974,5,nan,nan,pca,nan,nan,no-reassortment,3,1
0.00029686177902812097,6,nan,nan,pca,nan,nan,no-reassortment,3,1
0.00031086264352051234,2,nan,nan,mds,nan,nan,no-reassortment,3,1
0.0004326965122471895,3,nan,nan,mds,nan,nan,no-reassortment,3,1
0.00041834401284917845,4,nan,nan,mds,nan,nan,no-reassortment,3,1
0.0004186178085340867,5,nan,nan,mds,nan,nan,no-reassortment,3,1
0.0004215156542531105,6,nan,nan,mds,nan,nan,no-reassortment,3,1
0.0005755171008671956,nan,15.0,100.0,t-sne,nan,nan,no-reassortment,3,1
0.0005676554556460632,nan,15.0,200.0,t-sne,nan,nan,no-reassortment,3,1
0.0005547909653766721,nan,15.0,500.0,t-sne,nan,nan,no-reassortment,3,1
0.000535026100341191,nan,30.0,100.0,t-sne,nan,nan,no-reassortment,3,1
0.0005140911493100558,nan,30.0,200.0,t-sne,nan,nan,no-reassortment,3,1
0.0005331032441598059,nan,30.0,500.0,t-sne,nan,nan,no-reassortment,3,1
0.00038304360046936207,nan,100.0,100.0,t-sne,nan,nan,no-reassortment,3,1
0.0002457296226400792,nan,100.0,200.0,t-sne,nan,nan,no-reassortment,3,1
0.0004039453440180124,nan,100.0,500.0,t-sne,nan,nan,no-reassortment,3,1
0.0003335786273159262,nan,200.0,100.0,t-sne,nan,nan,no-reassortment,3,1
0.00033077644444939213,nan,200.0,200.0,t-sne,nan,nan,no-reassortment,3,1
0.0004369767951122195,nan,200.0,500.0,t-sne,nan,nan,no-reassortment,3,1
0.0004343755364957159,nan,300.0,100.0,t-sne,nan,nan,no-reassortment,3,1
0.0003836023337820232,nan,300.0,200.0,t-sne,nan,nan,no-reassortment,3,1
0.0004378404509560833,nan,300.0,500.0,t-sne,nan,nan,no-reassortment,3,1
0.00024041549243947847,nan,nan,nan,umap,25,0.05,no-reassortment,3,1
0.00014512672153320895,nan,nan,nan,umap,25,0.1,no-reassortment,3,1
0.00026491585587824925,nan,nan,nan,umap,25,0.25,no-reassortment,3,1
0.00016526692265152852,nan,nan,nan,umap,50,0.05,no-reassortment,3,1
0.00022666243538125913,nan,nan,nan,umap,50,0.1,no-reassortment,3,1
0.00025102081832447125,nan,nan,nan,umap,50,0.25,no-reassortment,3,1
0.00023564255806707765,nan,nan,nan,umap,100,0.05,no-reassortment,3,1
0.0002659042005969607,nan,nan,nan,umap,100,0.1,no-reassortment,3,1
0.00029748971023417996,nan,nan,nan,umap,100,0.25,no-reassortment,3,1
0.0007334883872353024,2,nan,nan,pca,nan,nan,no-reassortment,3,2
0.0008248214692385254,3,nan,nan,pca,nan,nan,no-reassortment,3,2
0.0007311975921750876,4,nan,nan,pca,nan,nan,no-reassortment,3,2
0.0006401360605749856,5,nan,nan,pca,nan,nan,no-reassortment,3,2
0.0006443137498495166,6,nan,nan,pca,nan,nan,no-reassortment,3,2
0.000568677010760117,2,nan,nan,mds,nan,nan,no-reassortment,3,2
0.0005911155863840682,3,nan,nan,mds,nan,nan,no-reassortment,3,2
0.0005562773570255047,4,nan,nan,mds,nan,nan,no-reassortment,3,2
0.0005912443594422884,5,nan,nan,mds,nan,nan,no-reassortment,3,2
0.0005657847956626078,6,nan,nan,mds,nan,nan,no-reassortment,3,2
0.0006924333722081611,nan,15.0,100.0,t-sne,nan,nan,no-reassortment,3,2
0.0007081610019090396,nan,15.0,200.0,t-sne,nan,nan,no-reassortment,3,2
0.0006732280847916487,nan,15.0,500.0,t-sne,nan,nan,no-reassortment,3,2
0.0006770088743464509,nan,30.0,100.0,t-sne,nan,nan,no-reassortment,3,2
0.0007378983669857488,nan,30.0,200.0,t-sne,nan,nan,no-reassortment,3,2
0.0007131731222998574,nan,30.0,500.0,t-sne,nan,nan,no-reassortment,3,2
0.0006242548302029796,nan,100.0,100.0,t-sne,nan,nan,no-reassortment,3,2
0.0004012322000102673,nan,100.0,200.0,t-sne,nan,nan,no-reassortment,3,2
0.0004918248543436636,nan,100.0,500.0,t-sne,nan,nan,no-reassortment,3,2
0.0007851010321335114,nan,200.0,100.0,t-sne,nan,nan,no-reassortment,3,2
0.0008182790190490397,nan,200.0,200.0,t-sne,nan,nan,no-reassortment,3,2
0.0007593596321927606,nan,200.0,500.0,t-sne,nan,nan,no-reassortment,3,2
0.0007328859812778946,nan,300.0,100.0,t-sne,nan,nan,no-reassortment,3,2
0.0008592992657061267,nan,300.0,200.0,t-sne,nan,nan,no-reassortment,3,2
0.0008359434490011573,nan,300.0,500.0,t-sne,nan,nan,no-reassortment,3,2
0.00042852344234289527,nan,nan,nan,umap,25,0.05,no-reassortment,3,2
0.0002380090994914412,nan,nan,nan,umap,25,0.1,no-reassortment,3,2
0.0002918894875610247,nan,nan,nan,umap,25,0.25,no-reassortment,3,2
0.00031810938533568807,nan,nan,nan,umap,50,0.05,no-reassortment,3,2
0.00033832209683572884,nan,nan,nan,umap,50,0.1,no-reassortment,3,2
0.0005115815490529905,nan,nan,nan,umap,50,0.25,no-reassortment,3,2
0.00024084922672401712,nan,nan,nan,umap,100,0.05,no-reassortment,3,2
0.0004603412803400081,nan,nan,nan,umap,100,0.1,no-reassortment,3,2
0.0003884664828203956,nan,nan,nan,umap,100,0.25,no-reassortment,3,2
0.0009829883020670011,2,nan,nan,pca,nan,nan,no-reassortment,3,3
0.0010864892665309821,3,nan,nan,pca,nan,nan,no-reassortment,3,3
0.0010529651371542815,4,nan,nan,pca,nan,nan,no-reassortment,3,3
0.0009647029675451508,5,nan,nan,pca,nan,nan,no-reassortment,3,3
0.001021315703340908,6,nan,nan,pca,nan,nan,no-reassortment,3,3
0.0009063769495925765,2,nan,nan,mds,nan,nan,no-reassortment,3,3
0.0008411522086836062,3,nan,nan,mds,nan,nan,no-reassortment,3,3
0.0008362900749876504,4,nan,nan,mds,nan,nan,no-reassortment,3,3
0.0008602952202667773,5,nan,nan,mds,nan,nan,no-reassortment,3,3
0.0008259100609019558,6,nan,nan,mds,nan,nan,no-reassortment,3,3
0.0006665320414663622,nan,15.0,100.0,t-sne,nan,nan,no-reassortment,3,3
0.000703624411006916,nan,15.0,200.0,t-sne,nan,nan,no-reassortment,3,3
0.0006759322084256232,nan,15.0,500.0,t-sne,nan,nan,no-reassortment,3,3
0.0007714061679032385,nan,30.0,100.0,t-sne,nan,nan,no-reassortment,3,3
0.0007597053956425692,nan,30.0,200.0,t-sne,nan,nan,no-reassortment,3,3
0.0006600486343849876,nan,30.0,500.0,t-sne,nan,nan,no-reassortment,3,3
0.0003609449956133889,nan,100.0,100.0,t-sne,nan,nan,no-reassortment,3,3
0.0005337828471095182,nan,100.0,200.0,t-sne,nan,nan,no-reassortment,3,3
0.0005394472463459333,nan,100.0,500.0,t-sne,nan,nan,no-reassortment,3,3
0.0007311621563064252,nan,200.0,100.0,t-sne,nan,nan,no-reassortment,3,3
0.0007000812922205987,nan,200.0,200.0,t-sne,nan,nan,no-reassortment,3,3
0.000827247938999022,nan,200.0,500.0,t-sne,nan,nan,no-reassortment,3,3
0.0009348457817781652,nan,300.0,100.0,t-sne,nan,nan,no-reassortment,3,3
0.0008438486134948553,nan,300.0,200.0,t-sne,nan,nan,no-reassortment,3,3
0.0009459354040881196,nan,300.0,500.0,t-sne,nan,nan,no-reassortment,3,3
0.0005230179035092798,nan,nan,nan,umap,25,0.05,no-reassortment,3,3
0.00026950124450533005,nan,nan,nan,umap,25,0.1,no-reassortment,3,3
0.0005976779374952006,nan,nan,nan,umap,25,0.25,no-reassortment,3,3
0.0003826083179248907,nan,nan,nan,umap,50,0.05,no-reassortment,3,3
0.0003751540803493716,nan,nan,nan,umap,50,0.1,no-reassortment,3,3
0.0005142052359926135,nan,nan,nan,umap,50,0.25,no-reassortment,3,3
0.00047797490253105097,nan,nan,nan,umap,100,0.05,no-reassortment,3,3
0.000475043717134984,nan,nan,nan,umap,100,0.1,no-reassortment,3,3
0.0006171534881046843,nan,nan,nan,umap,100,0.25,no-reassortment,3,3
0.0010301053723705397,2,nan,nan,pca,nan,nan,no-reassortment,3,4
0.0010069877637739976,3,nan,nan,pca,nan,nan,no-reassortment,3,4
0.0011133372816680112,4,nan,nan,pca,nan,nan,no-reassortment,3,4
0.0011193338715075674,5,nan,nan,pca,nan,nan,no-reassortment,3,4
0.0011255684905890572,6,nan,nan,pca,nan,nan,no-reassortment,3,4
0.0009841631675716505,2,nan,nan,mds,nan,nan,no-reassortment,3,4
0.0010821468819022545,3,nan,nan,mds,nan,nan,no-reassortment,3,4
0.0010150582291326702,4,nan,nan,mds,nan,nan,no-reassortment,3,4
0.0010012089470521953,5,nan,nan,mds,nan,nan,no-reassortment,3,4
0.0010096569141498958,6,nan,nan,mds,nan,nan,no-reassortment,3,4
0.0007342422406165031,nan,15.0,100.0,t-sne,nan,nan,no-reassortment,3,4
0.0006902527710332752,nan,15.0,200.0,t-sne,nan,nan,no-reassortment,3,4
0.000712211897997984,nan,15.0,500.0,t-sne,nan,nan,no-reassortment,3,4
0.0007128808897827777,nan,30.0,100.0,t-sne,nan,nan,no-reassortment,3,4
0.000732872501887441,nan,30.0,200.0,t-sne,nan,nan,no-reassortment,3,4
0.0007125151667980263,nan,30.0,500.0,t-sne,nan,nan,no-reassortment,3,4
0.0004464317439395429,nan,100.0,100.0,t-sne,nan,nan,no-reassortment,3,4
0.00039738478044204284,nan,100.0,200.0,t-sne,nan,nan,no-reassortment,3,4
0.0002575492022281136,nan,100.0,500.0,t-sne,nan,nan,no-reassortment,3,4
0.0007312117540321812,nan,200.0,100.0,t-sne,nan,nan,no-reassortment,3,4
0.0007023056157085823,nan,200.0,200.0,t-sne,nan,nan,no-reassortment,3,4
0.0007569998894962056,nan,200.0,500.0,t-sne,nan,nan,no-reassortment,3,4
0.0008869821066352884,nan,300.0,100.0,t-sne,nan,nan,no-reassortment,3,4
0.0007494539844046207,nan,300.0,200.0,t-sne,nan,nan,no-reassortment,3,4
0.0007083093006986655,nan,300.0,500.0,t-sne,nan,nan,no-reassortment,3,4
0.00044150273669142686,nan,nan,nan,umap,25,0.05,no-reassortment,3,4
0.000318551754785592,nan,nan,nan,umap,25,0.1,no-reassortment,3,4
0.0006708549570278378,nan,nan,nan,umap,25,0.25,no-reassortment,3,4
0.0005067600426137688,nan,nan,nan,umap,50,0.05,no-reassortment,3,4
0.0005064289202340562,nan,nan,nan,umap,50,0.1,no-reassortment,3,4
0.0005878197231726672,nan,nan,nan,umap,50,0.25,no-reassortment,3,4
0.000399851558385529,nan,nan,nan,umap,100,0.05,no-reassortment,3,4
0.0004678192860411828,nan,nan,nan,umap,100,0.1,no-reassortment,3,4
0.0005561431445828442,nan,nan,nan,umap,100,0.25,no-reassortment,3,4
0.00012851152301523934,2,nan,nan,pca,nan,nan,no-reassortment,4,0
0.00017262052303945608,3,nan,nan,pca,nan,nan,no-reassortment,4,0
0.00017875559165771905,4,nan,nan,pca,nan,nan,no-reassortment,4,0
0.0002083126513850621,5,nan,nan,pca,nan,nan,no-reassortment,4,0
0.00021032780398368153,6,nan,nan,pca,nan,nan,no-reassortment,4,0
0.0001569148966726832,2,nan,nan,mds,nan,nan,no-reassortment,4,0
0.000179028390209753,3,nan,nan,mds,nan,nan,no-reassortment,4,0
0.0002186138998761358,4,nan,nan,mds,nan,nan,no-reassortment,4,0
0.00021420243744499506,5,nan,nan,mds,nan,nan,no-reassortment,4,0
0.0002260009731217382,6,nan,nan,mds,nan,nan,no-reassortment,4,0
0.0003082072374540623,nan,15.0,100.0,t-sne,nan,nan,no-reassortment,4,0
0.0002984662384242599,nan,15.0,200.0,t-sne,nan,nan,no-reassortment,4,0
0.0002860440222432652,nan,15.0,500.0,t-sne,nan,nan,no-reassortment,4,0
0.000213068246042175,nan,30.0,100.0,t-sne,nan,nan,no-reassortment,4,0
0.0001820229663994312,nan,30.0,200.0,t-sne,nan,nan,no-reassortment,4,0
0.00023689913410997784,nan,30.0,500.0,t-sne,nan,nan,no-reassortment,4,0
9.004319387236775e-05,nan,100.0,100.0,t-sne,nan,nan,no-reassortment,4,0
5.897224210195603e-05,nan,100.0,200.0,t-sne,nan,nan,no-reassortment,4,0
4.204598429175407e-05,nan,100.0,500.0,t-sne,nan,nan,no-reassortment,4,0
8.792211852447144e-05,nan,200.0,100.0,t-sne,nan,nan,no-reassortment,4,0
8.964684463687464e-05,nan,200.0,200.0,t-sne,nan,nan,no-reassortment,4,0
8.614489711379649e-05,nan,200.0,500.0,t-sne,nan,nan,no-reassortment,4,0
0.00014528465955413546,nan,300.0,100.0,t-sne,nan,nan,no-reassortment,4,0
1.7060586202354347e-05,nan,300.0,200.0,t-sne,nan,nan,no-reassortment,4,0
4.5779543840551955e-05,nan,300.0,500.0,t-sne,nan,nan,no-reassortment,4,0
5.068897709295895e-05,nan,nan,nan,umap,25,0.05,no-reassortment,4,0
6.09560463485734e-05,nan,nan,nan,umap,25,0.1,no-reassortment,4,0
5.367936389002171e-05,nan,nan,nan,umap,25,0.25,no-reassortment,4,0
5.1784422099562894e-05,nan,nan,nan,umap,50,0.05,no-reassortment,4,0
4.468381573894689e-05,nan,nan,nan,umap,50,0.1,no-reassortment,4,0
5.6830783850035874e-05,nan,nan,nan,umap,50,0.25,no-reassortment,4,0
5.42187798244161e-05,nan,nan,nan,umap,100,0.05,no-reassortment,4,0
6.319333346052551e-05,nan,nan,nan,umap,100,0.1,no-reassortment,4,0
5.8252776806364734e-05,nan,nan,nan,umap,100,0.25,no-reassortment,4,0
0.00015651811238019493,2,nan,nan,pca,nan,nan,no-reassortment,4,1
0.00034961405363019343,3,nan,nan,pca,nan,nan,no-reassortment,4,1
0.00034546650654965585,4,nan,nan,pca,nan,nan,no-reassortment,4,1
0.00041620931017661374,5,nan,nan,pca,nan,nan,no-reassortment,4,1
0.0004477119052440965,6,nan,nan,pca,nan,nan,no-reassortment,4,1
0.0004440958630131182,2,nan,nan,mds,nan,nan,no-reassortment,4,1
0.00041636449123159426,3,nan,nan,mds,nan,nan,no-reassortment,4,1
0.0004284468079485536,4,nan,nan,mds,nan,nan,no-reassortment,4,1
0.0004229861638549866,5,nan,nan,mds,nan,nan,no-reassortment,4,1
0.0004091849357852671,6,nan,nan,mds,nan,nan,no-reassortment,4,1
0.0003573598195198516,nan,15.0,100.0,t-sne,nan,nan,no-reassortment,4,1
0.00043513522365192414,nan,15.0,200.0,t-sne,nan,nan,no-reassortment,4,1
0.00045530039614716673,nan,15.0,500.0,t-sne,nan,nan,no-reassortment,4,1
0.00031282183987290925,nan,30.0,100.0,t-sne,nan,nan,no-reassortment,4,1
0.0003167901338976023,nan,30.0,200.0,t-sne,nan,nan,no-reassortment,4,1
0.0003170619963656678,nan,30.0,500.0,t-sne,nan,nan,no-reassortment,4,1
0.00010144695934007859,nan,100.0,100.0,t-sne,nan,nan,no-reassortment,4,1
0.00020843556460309706,nan,100.0,200.0,t-sne,nan,nan,no-reassortment,4,1
6.146327986935117e-05,nan,100.0,500.0,t-sne,nan,nan,no-reassortment,4,1
4.6453244604924596e-05,nan,200.0,100.0,t-sne,nan,nan,no-reassortment,4,1
4.7954489404065446e-05,nan,200.0,200.0,t-sne,nan,nan,no-reassortment,4,1
0.00010855530247283858,nan,200.0,500.0,t-sne,nan,nan,no-reassortment,4,1
5.693629341699748e-05,nan,300.0,100.0,t-sne,nan,nan,no-reassortment,4,1
6.386631487559771e-05,nan,300.0,200.0,t-sne,nan,nan,no-reassortment,4,1
5.7353692787348984e-05,nan,300.0,500.0,t-sne,nan,nan,no-reassortment,4,1
7.466614698370623e-05,nan,nan,nan,umap,25,0.05,no-reassortment,4,1
8.510359965792858e-05,nan,nan,nan,umap,25,0.1,no-reassortment,4,1
7.454439382106035e-05,nan,nan,nan,umap,25,0.25,no-reassortment,4,1
9.708103234165709e-05,nan,nan,nan,umap,50,0.05,no-reassortment,4,1
6.142038054696122e-05,nan,nan,nan,umap,50,0.1,no-reassortment,4,1
5.3246080856252966e-05,nan,nan,nan,umap,50,0.25,no-reassortment,4,1
3.9507607711466246e-05,nan,nan,nan,umap,100,0.05,no-reassortment,4,1
4.080752064722312e-05,nan,nan,nan,umap,100,0.1,no-reassortment,4,1
3.1319680294547355e-05,nan,nan,nan,umap,100,0.25,no-reassortment,4,1
0.0005158338827893746,2,nan,nan,pca,nan,nan,no-reassortment,4,2
0.0005455828586212536,3,nan,nan,pca,nan,nan,no-reassortment,4,2
0.0005163625205683277,4,nan,nan,pca,nan,nan,no-reassortment,4,2
0.0005634127518214715,5,nan,nan,pca,nan,nan,no-reassortment,4,2
0.0006045594927481635,6,nan,nan,pca,nan,nan,no-reassortment,4,2
0.0006364424756335457,2,nan,nan,mds,nan,nan,no-reassortment,4,2
0.0005688396502690879,3,nan,nan,mds,nan,nan,no-reassortment,4,2
0.0005461492894142009,4,nan,nan,mds,nan,nan,no-reassortment,4,2
0.0005021382252072636,5,nan,nan,mds,nan,nan,no-reassortment,4,2
0.0005279300567058169,6,nan,nan,mds,nan,nan,no-reassortment,4,2
0.0005859409933919372,nan,15.0,100.0,t-sne,nan,nan,no-reassortment,4,2
0.0005650618241572009,nan,15.0,200.0,t-sne,nan,nan,no-reassortment,4,2
0.0006608704185436513,nan,15.0,500.0,t-sne,nan,nan,no-reassortment,4,2
0.0006100275304042162,nan,30.0,100.0,t-sne,nan,nan,no-reassortment,4,2
0.0006711989900896071,nan,30.0,200.0,t-sne,nan,nan,no-reassortment,4,2
0.0006949304648849896,nan,30.0,500.0,t-sne,nan,nan,no-reassortment,4,2
0.000637552333377715,nan,100.0,100.0,t-sne,nan,nan,no-reassortment,4,2
0.0004183233579486407,nan,100.0,200.0,t-sne,nan,nan,no-reassortment,4,2
0.00031655540106609645,nan,100.0,500.0,t-sne,nan,nan,no-reassortment,4,2
7.04632101225903e-05,nan,200.0,100.0,t-sne,nan,nan,no-reassortment,4,2
0.00015177142637213512,nan,200.0,200.0,t-sne,nan,nan,no-reassortment,4,2
0.00027090950407571504,nan,200.0,500.0,t-sne,nan,nan,no-reassortment,4,2
9.392666748590212e-05,nan,300.0,100.0,t-sne,nan,nan,no-reassortment,4,2
0.00023418509212758172,nan,300.0,200.0,t-sne,nan,nan,no-reassortment,4,2
0.00013311837132155973,nan,300.0,500.0,t-sne,nan,nan,no-reassortment,4,2
8.625343538659526e-05,nan,nan,nan,umap,25,0.05,no-reassortment,4,2
6.455290579614485e-05,nan,nan,nan,umap,25,0.1,no-reassortment,4,2
7.449616762369199e-05,nan,nan,nan,umap,25,0.25,no-reassortment,4,2
0.0001253423678819825,nan,nan,nan,umap,50,0.05,no-reassortment,4,2
0.00010390753003062077,nan,nan,nan,umap,50,0.1,no-reassortment,4,2
8.02867833720672e-05,nan,nan,nan,umap,50,0.25,no-reassortment,4,2
0.00014453769233283202,nan,nan,nan,umap,100,0.05,no-reassortment,4,2
9.988227859694272e-05,nan,nan,nan,umap,100,0.1,no-reassortment,4,2
0.00011740629743998348,nan,nan,nan,umap,100,0.25,no-reassortment,4,2
3.273987558326564e-06,2,nan,nan,pca,nan,nan,no-reassortment,4,3
1.8326263649791093e-05,3,nan,nan,pca,nan,nan,no-reassortment,4,3
5.759540730855463e-05,4,nan,nan,pca,nan,nan,no-reassortment,4,3
6.0692202867945676e-05,5,nan,nan,pca,nan,nan,no-reassortment,4,3
6.0173216663995286e-05,6,nan,nan,pca,nan,nan,no-reassortment,4,3
0.00010171425973561048,2,nan,nan,mds,nan,nan,no-reassortment,4,3
0.0001162893934746763,3,nan,nan,mds,nan,nan,no-reassortment,4,3
0.0001306661101309569,4,nan,nan,mds,nan,nan,no-reassortment,4,3
0.00013707546999821365,5,nan,nan,mds,nan,nan,no-reassortment,4,3
0.00013784941617731744,6,nan,nan,mds,nan,nan,no-reassortment,4,3
0.0001701553896629764,nan,15.0,100.0,t-sne,nan,nan,no-reassortment,4,3
0.00016197814109460457,nan,15.0,200.0,t-sne,nan,nan,no-reassortment,4,3
0.0001753223202569799,nan,15.0,500.0,t-sne,nan,nan,no-reassortment,4,3
0.00018335384095023401,nan,30.0,100.0,t-sne,nan,nan,no-reassortment,4,3
0.00014212515086772546,nan,30.0,200.0,t-sne,nan,nan,no-reassortment,4,3
0.00015766475681677883,nan,30.0,500.0,t-sne,nan,nan,no-reassortment,4,3
0.00012492136334759694,nan,100.0,100.0,t-sne,nan,nan,no-reassortment,4,3
0.00016426663342020584,nan,100.0,200.0,t-sne,nan,nan,no-reassortment,4,3
5.220699112367374e-05,nan,100.0,500.0,t-sne,nan,nan,no-reassortment,4,3
1.0329370458895079e-05,nan,200.0,100.0,t-sne,nan,nan,no-reassortment,4,3
1.2931127410082366e-05,nan,200.0,200.0,t-sne,nan,nan,no-reassortment,4,3
1.0318996474722927e-05,nan,200.0,500.0,t-sne,nan,nan,no-reassortment,4,3
1.7094605786473477e-05,nan,300.0,100.0,t-sne,nan,nan,no-reassortment,4,3
1.768183391873237e-05,nan,300.0,200.0,t-sne,nan,nan,no-reassortment,4,3
4.33459476852426e-06,nan,300.0,500.0,t-sne,nan,nan,no-reassortment,4,3
4.137111651834971e-05,nan,nan,nan,umap,25,0.05,no-reassortment,4,3
3.227243507673587e-05,nan,nan,nan,umap,25,0.1,no-reassortment,4,3
2.8078156380619247e-05,nan,nan,nan,umap,25,0.25,no-reassortment,4,3
2.4155606666153377e-05,nan,nan,nan,umap,50,0.05,no-reassortment,4,3
3.0378939284428468e-05,nan,nan,nan,umap,50,0.1,no-reassortment,4,3
2.559292751158061e-05,nan,nan,nan,umap,50,0.25,no-reassortment,4,3
1.941678326541777e-05,nan,nan,nan,umap,100,0.05,no-reassortment,4,3
2.0591960379545376e-05,nan,nan,nan,umap,100,0.1,no-reassortment,4,3
1.4032707945157604e-05,nan,nan,nan,umap,100,0.25,no-reassortment,4,3
4.692521165791732e-06,2,nan,nan,pca,nan,nan,no-reassortment,4,4
4.149626007005114e-05,3,nan,nan,pca,nan,nan,no-reassortment,4,4
0.00025416475993329714,4,nan,nan,pca,nan,nan,no-reassortment,4,4
0.0002540998946695359,5,nan,nan,pca,nan,nan,no-reassortment,4,4
0.00024197291789633543,6,nan,nan,pca,nan,nan,no-reassortment,4,4
0.00015496000455350655,2,nan,nan,mds,nan,nan,no-reassortment,4,4
0.0002125366154758861,3,nan,nan,mds,nan,nan,no-reassortment,4,4
0.0002281041083174676,4,nan,nan,mds,nan,nan,no-reassortment,4,4
0.00021223036057444424,5,nan,nan,mds,nan,nan,no-reassortment,4,4
0.0002171950207463694,6,nan,nan,mds,nan,nan,no-reassortment,4,4
0.00025002115558633587,nan,15.0,100.0,t-sne,nan,nan,no-reassortment,4,4
0.00025044244446488967,nan,15.0,200.0,t-sne,nan,nan,no-reassortment,4,4
0.0001791397170724892,nan,15.0,500.0,t-sne,nan,nan,no-reassortment,4,4
0.00028393705865774414,nan,30.0,100.0,t-sne,nan,nan,no-reassortment,4,4
0.00027833964160967235,nan,30.0,200.0,t-sne,nan,nan,no-reassortment,4,4
0.00015077681536107313,nan,30.0,500.0,t-sne,nan,nan,no-reassortment,4,4
5.6227020905700655e-05,nan,100.0,100.0,t-sne,nan,nan,no-reassortment,4,4
4.999539983862628e-05,nan,100.0,200.0,t-sne,nan,nan,no-reassortment,4,4
4.476617106338765e-05,nan,100.0,500.0,t-sne,nan,nan,no-reassortment,4,4
1.8727619414445888e-05,nan,200.0,100.0,t-sne,nan,nan,no-reassortment,4,4
0.00017438475621731002,nan,200.0,200.0,t-sne,nan,nan,no-reassortment,4,4
1.439735780994749e-05,nan,200.0,500.0,t-sne,nan,nan,no-reassortment,4,4
1.4123221270084102e-05,nan,300.0,100.0,t-sne,nan,nan,no-reassortment,4,4
2.1245299736359845e-05,nan,300.0,200.0,t-sne,nan,nan,no-reassortment,4,4
0.00021180300345349426,nan,300.0,500.0,t-sne,nan,nan,no-reassortment,4,4
5.958057540480876e-05,nan,nan,nan,umap,25,0.05,no-reassortment,4,4
9.021482333147225e-05,nan,nan,nan,umap,25,0.1,no-reassortment,4,4
4.8765084264101445e-05,nan,nan,nan,umap,25,0.25,no-reassortment,4,4
3.997645796753374e-05,nan,nan,nan,umap,50,0.05,no-reassortment,4,4
5.1650360465500095e-05,nan,nan,nan,umap,50,0.1,no-reassortment,4,4
4.2369393660185274e-05,nan,nan,nan,umap,50,0.25,no-reassortment,4,4
4.013715359317851e-05,nan,nan,nan,umap,100,0.05,no-reassortment,4,4
4.339051085051332e-05,nan,nan,nan,umap,100,0.1,no-reassortment,4,4
2.7773294183163096e-05,nan,nan,nan,umap,100,0.25,no-reassortment,4,4
0.00032438085225524785,2,nan,nan,pca,nan,nan,no-reassortment,5,0
0.0003100950994505086,3,nan,nan,pca,nan,nan,no-reassortment,5,0
0.0003921993326257624,4,nan,nan,pca,nan,nan,no-reassortment,5,0
0.0003936674081731597,5,nan,nan,pca,nan,nan,no-reassortment,5,0
0.0004017312926740079,6,nan,nan,pca,nan,nan,no-reassortment,5,0
0.00040798486410826694,2,nan,nan,mds,nan,nan,no-reassortment,5,0
0.00046161125965456576,3,nan,nan,mds,nan,nan,no-reassortment,5,0
0.0004578219751588071,4,nan,nan,mds,nan,nan,no-reassortment,5,0
0.00045601393057607297,5,nan,nan,mds,nan,nan,no-reassortment,5,0
0.00045208391860233,6,nan,nan,mds,nan,nan,no-reassortment,5,0
0.00035563798285080835,nan,15.0,100.0,t-sne,nan,nan,no-reassortment,5,0
0.00040517461836967123,nan,15.0,200.0,t-sne,nan,nan,no-reassortment,5,0
0.00033067141812761163,nan,15.0,500.0,t-sne,nan,nan,no-reassortment,5,0
0.00032269042074517133,nan,30.0,100.0,t-sne,nan,nan,no-reassortment,5,0
0.00033822974335619046,nan,30.0,200.0,t-sne,nan,nan,no-reassortment,5,0
0.0003107505964763911,nan,30.0,500.0,t-sne,nan,nan,no-reassortment,5,0
0.00010935054967661082,nan,100.0,100.0,t-sne,nan,nan,no-reassortment,5,0
0.0002116412283350357,nan,100.0,200.0,t-sne,nan,nan,no-reassortment,5,0
0.00021331440386467286,nan,100.0,500.0,t-sne,nan,nan,no-reassortment,5,0
6.639866317369354e-05,nan,200.0,100.0,t-sne,nan,nan,no-reassortment,5,0
3.302616686663108e-05,nan,200.0,200.0,t-sne,nan,nan,no-reassortment,5,0
6.738067066287668e-05,nan,200.0,500.0,t-sne,nan,nan,no-reassortment,5,0
6.227338161714971e-05,nan,300.0,100.0,t-sne,nan,nan,no-reassortment,5,0
3.087920265989506e-05,nan,300.0,200.0,t-sne,nan,nan,no-reassortment,5,0
3.731210751629099e-05,nan,300.0,500.0,t-sne,nan,nan,no-reassortment,5,0
0.0006241960995248361,nan,nan,nan,umap,25,0.05,no-reassortment,5,0
0.0006224141276278297,nan,nan,nan,umap,25,0.1,no-reassortment,5,0
0.00048176348911057167,nan,nan,nan,umap,25,0.25,no-reassortment,5,0
0.0006468371320861034,nan,nan,nan,umap,50,0.05,no-reassortment,5,0
0.0006896284805277921,nan,nan,nan,umap,50,0.1,no-reassortment,5,0
0.0005017475579449486,nan,nan,nan,umap,50,0.25,no-reassortment,5,0
9.981794767052271e-05,nan,nan,nan,umap,100,0.05,no-reassortment,5,0
0.00014045571632245152,nan,nan,nan,umap,100,0.1,no-reassortment,5,0
0.000257986250658817,nan,nan,nan,umap,100,0.25,no-reassortment,5,0
0.00015986808454468963,2,nan,nan,pca,nan,nan,no-reassortment,5,1
0.00019446782917627043,3,nan,nan,pca,nan,nan,no-reassortment,5,1
0.0001870480165158032,4,nan,nan,pca,nan,nan,no-reassortment,5,1
0.00020866676287258678,5,nan,nan,pca,nan,nan,no-reassortment,5,1
0.00021346918257588815,6,nan,nan,pca,nan,nan,no-reassortment,5,1
0.00020923459816027238,2,nan,nan,mds,nan,nan,no-reassortment,5,1
0.00025415180271759475,3,nan,nan,mds,nan,nan,no-reassortment,5,1
0.0002360900636957663,4,nan,nan,mds,nan,nan,no-reassortment,5,1
0.00023028049824134458,5,nan,nan,mds,nan,nan,no-reassortment,5,1
0.00023781353085837814,6,nan,nan,mds,nan,nan,no-reassortment,5,1
0.000279652009337348,nan,15.0,100.0,t-sne,nan,nan,no-reassortment,5,1
0.0003006025935785486,nan,15.0,200.0,t-sne,nan,nan,no-reassortment,5,1
0.0003004324955688681,nan,15.0,500.0,t-sne,nan,nan,no-reassortment,5,1
0.0002325058326206691,nan,30.0,100.0,t-sne,nan,nan,no-reassortment,5,1
0.00021332440703043332,nan,30.0,200.0,t-sne,nan,nan,no-reassortment,5,1
0.0003158630317799717,nan,30.0,500.0,t-sne,nan,nan,no-reassortment,5,1
0.00020085964732846596,nan,100.0,100.0,t-sne,nan,nan,no-reassortment,5,1
7.009200961467239e-05,nan,100.0,200.0,t-sne,nan,nan,no-reassortment,5,1
0.00010839684453004763,nan,100.0,500.0,t-sne,nan,nan,no-reassortment,5,1
4.1432176707503074e-05,nan,200.0,100.0,t-sne,nan,nan,no-reassortment,5,1
3.39001133823108e-05,nan,200.0,200.0,t-sne,nan,nan,no-reassortment,5,1
7.49418366719455e-05,nan,200.0,500.0,t-sne,nan,nan,no-reassortment,5,1
2.562011766612834e-05,nan,300.0,100.0,t-sne,nan,nan,no-reassortment,5,1
5.504263478056247e-05,nan,300.0,200.0,t-sne,nan,nan,no-reassortment,5,1
2.9390223800366715e-05,nan,300.0,500.0,t-sne,nan,nan,no-reassortment,5,1
0.00010326050809097752,nan,nan,nan,umap,25,0.05,no-reassortment,5,1
0.0002584542828388368,nan,nan,nan,umap,25,0.1,no-reassortment,5,1
0.00014370963950796248,nan,nan,nan,umap,25,0.25,no-reassortment,5,1
0.00023838579196964625,nan,nan,nan,umap,50,0.05,no-reassortment,5,1
0.000214100929833295,nan,nan,nan,umap,50,0.1,no-reassortment,5,1
0.00021414555442810862,nan,nan,nan,umap,50,0.25,no-reassortment,5,1
7.496273739191411e-05,nan,nan,nan,umap,100,0.05,no-reassortment,5,1
8.422204171172833e-05,nan,nan,nan,umap,100,0.1,no-reassortment,5,1
5.303017467850529e-05,nan,nan,nan,umap,100,0.25,no-reassortment,5,1
7.849009848137368e-06,2,nan,nan,pca,nan,nan,no-reassortment,5,2
1.2269835041614156e-05,3,nan,nan,pca,nan,nan,no-reassortment,5,2
1.2677326507369856e-05,4,nan,nan,pca,nan,nan,no-reassortment,5,2
1.6532557353482262e-05,5,nan,nan,pca,nan,nan,no-reassortment,5,2
1.7115493367775546e-05,6,nan,nan,pca,nan,nan,no-reassortment,5,2
5.7335980233472346e-05,2,nan,nan,mds,nan,nan,no-reassortment,5,2
6.356238836846784e-05,3,nan,nan,mds,nan,nan,no-reassortment,5,2
5.961331317625434e-05,4,nan,nan,mds,nan,nan,no-reassortment,5,2
6.0959454923388894e-05,5,nan,nan,mds,nan,nan,no-reassortment,5,2
6.583388919409871e-05,6,nan,nan,mds,nan,nan,no-reassortment,5,2
0.00021105402542216282,nan,15.0,100.0,t-sne,nan,nan,no-reassortment,5,2
0.0002209246443569485,nan,15.0,200.0,t-sne,nan,nan,no-reassortment,5,2
0.0002271468183768675,nan,15.0,500.0,t-sne,nan,nan,no-reassortment,5,2
0.0001448966117181613,nan,30.0,100.0,t-sne,nan,nan,no-reassortment,5,2
0.00014572867990263704,nan,30.0,200.0,t-sne,nan,nan,no-reassortment,5,2
0.0001874386946670219,nan,30.0,500.0,t-sne,nan,nan,no-reassortment,5,2
6.324344172678993e-05,nan,100.0,100.0,t-sne,nan,nan,no-reassortment,5,2
3.207826421538497e-05,nan,100.0,200.0,t-sne,nan,nan,no-reassortment,5,2
1.8480342167175076e-05,nan,100.0,500.0,t-sne,nan,nan,no-reassortment,5,2
1.4680744234036935e-05,nan,200.0,100.0,t-sne,nan,nan,no-reassortment,5,2
2.372726640159885e-05,nan,200.0,200.0,t-sne,nan,nan,no-reassortment,5,2
3.5019297283823675e-05,nan,200.0,500.0,t-sne,nan,nan,no-reassortment,5,2
2.4406135104022774e-05,nan,300.0,100.0,t-sne,nan,nan,no-reassortment,5,2
1.7868550840044814e-05,nan,300.0,200.0,t-sne,nan,nan,no-reassortment,5,2
4.8088266099099614e-05,nan,300.0,500.0,t-sne,nan,nan,no-reassortment,5,2
0.00010670196234492996,nan,nan,nan,umap,25,0.05,no-reassortment,5,2
8.867780538894604e-05,nan,nan,nan,umap,25,0.1,no-reassortment,5,2
6.593211626184912e-05,nan,nan,nan,umap,25,0.25,no-reassortment,5,2
0.0001284411718515233,nan,nan,nan,umap,50,0.05,no-reassortment,5,2
7.758235055334703e-05,nan,nan,nan,umap,50,0.1,no-reassortment,5,2
7.131674234224832e-05,nan,nan,nan,umap,50,0.25,no-reassortment,5,2
3.3069674235291714e-05,nan,nan,nan,umap,100,0.05,no-reassortment,5,2
3.189626622443157e-05,nan,nan,nan,umap,100,0.1,no-reassortment,5,2
4.283415562570251e-05,nan,nan,nan,umap,100,0.25,no-reassortment,5,2
2.4558647114078988e-05,2,nan,nan,pca,nan,nan,no-reassortment,5,3
6.940472221377286e-05,3,nan,nan,pca,nan,nan,no-reassortment,5,3
6.089811918627578e-05,4,nan,nan,pca,nan,nan,no-reassortment,5,3
6.19965920283226e-05,5,nan,nan,pca,nan,nan,no-reassortment,5,3
6.424122093947621e-05,6,nan,nan,pca,nan,nan,no-reassortment,5,3
0.000106653692516332,2,nan,nan,mds,nan,nan,no-reassortment,5,3
7.495112722571752e-05,3,nan,nan,mds,nan,nan,no-reassortment,5,3
8.169381463086781e-05,4,nan,nan,mds,nan,nan,no-reassortment,5,3
8.311680684619325e-05,5,nan,nan,mds,nan,nan,no-reassortment,5,3
7.305440887456369e-05,6,nan,nan,mds,nan,nan,no-reassortment,5,3
0.00034099161433996395,nan,15.0,100.0,t-sne,nan,nan,no-reassortment,5,3
0.00034280953510871566,nan,15.0,200.0,t-sne,nan,nan,no-reassortment,5,3
0.0003988613671744415,nan,15.0,500.0,t-sne,nan,nan,no-reassortment,5,3
0.00025887008888949534,nan,30.0,100.0,t-sne,nan,nan,no-reassortment,5,3
0.00029463946022221583,nan,30.0,200.0,t-sne,nan,nan,no-reassortment,5,3
0.00026831175855067217,nan,30.0,500.0,t-sne,nan,nan,no-reassortment,5,3
5.60344400190194e-05,nan,100.0,100.0,t-sne,nan,nan,no-reassortment,5,3
0.0001272872984616217,nan,100.0,200.0,t-sne,nan,nan,no-reassortment,5,3
4.256086643585226e-05,nan,100.0,500.0,t-sne,nan,nan,no-reassortment,5,3
8.716179775741862e-05,nan,200.0,100.0,t-sne,nan,nan,no-reassortment,5,3
0.00014726464201092858,nan,200.0,200.0,t-sne,nan,nan,no-reassortment,5,3
0.00022196381153710676,nan,200.0,500.0,t-sne,nan,nan,no-reassortment,5,3
0.0002633249709126446,nan,300.0,100.0,t-sne,nan,nan,no-reassortment,5,3
4.252003771090928e-05,nan,300.0,200.0,t-sne,nan,nan,no-reassortment,5,3
7.017692182318358e-05,nan,300.0,500.0,t-sne,nan,nan,no-reassortment,5,3
7.587953686775382e-05,nan,nan,nan,umap,25,0.05,no-reassortment,5,3
6.230482805402848e-05,nan,nan,nan,umap,25,0.1,no-reassortment,5,3
4.685458169938869e-05,nan,nan,nan,umap,25,0.25,no-reassortment,5,3
0.00010499550079899534,nan,nan,nan,umap,50,0.05,no-reassortment,5,3
5.507318369751113e-05,nan,nan,nan,umap,50,0.1,no-reassortment,5,3
3.991760199295924e-05,nan,nan,nan,umap,50,0.25,no-reassortment,5,3
3.668527528050465e-05,nan,nan,nan,umap,100,0.05,no-reassortment,5,3
1.7383827694613497e-05,nan,nan,nan,umap,100,0.1,no-reassortment,5,3
2.007502549556e-05,nan,nan,nan,umap,100,0.25,no-reassortment,5,3
0.00014587554883479685,2,nan,nan,pca,nan,nan,no-reassortment,5,4
0.00039587072743191656,3,nan,nan,pca,nan,nan,no-reassortment,5,4
0.0003418356809946639,4,nan,nan,pca,nan,nan,no-reassortment,5,4
0.00033386508719016983,5,nan,nan,pca,nan,nan,no-reassortment,5,4
0.00034020299370128153,6,nan,nan,pca,nan,nan,no-reassortment,5,4
0.00014167213113813341,2,nan,nan,mds,nan,nan,no-reassortment,5,4
0.00020017802301216237,3,nan,nan,mds,nan,nan,no-reassortment,5,4
0.00017805062371221633,4,nan,nan,mds,nan,nan,no-reassortment,5,4
0.00018412789398989865,5,nan,nan,mds,nan,nan,no-reassortment,5,4
0.00017261339119168151,6,nan,nan,mds,nan,nan,no-reassortment,5,4
0.0004309141030226967,nan,15.0,100.0,t-sne,nan,nan,no-reassortment,5,4
0.0003969195645825665,nan,15.0,200.0,t-sne,nan,nan,no-reassortment,5,4
0.00035685950210347653,nan,15.0,500.0,t-sne,nan,nan,no-reassortment,5,4
0.00036555441283781664,nan,30.0,100.0,t-sne,nan,nan,no-reassortment,5,4
0.0005003496214879738,nan,30.0,200.0,t-sne,nan,nan,no-reassortment,5,4
0.00047650248985707706,nan,30.0,500.0,t-sne,nan,nan,no-reassortment,5,4
0.00011700831065177508,nan,100.0,100.0,t-sne,nan,nan,no-reassortment,5,4
0.0003206020436611591,nan,100.0,200.0,t-sne,nan,nan,no-reassortment,5,4
0.00010831390081365662,nan,100.0,500.0,t-sne,nan,nan,no-reassortment,5,4
7.886425488475892e-05,nan,200.0,100.0,t-sne,nan,nan,no-reassortment,5,4
0.00012165120223289477,nan,200.0,200.0,t-sne,nan,nan,no-reassortment,5,4
8.034498491371183e-05,nan,200.0,500.0,t-sne,nan,nan,no-reassortment,5,4
8.212270885596665e-05,nan,300.0,100.0,t-sne,nan,nan,no-reassortment,5,4
4.712397791839733e-05,nan,300.0,200.0,t-sne,nan,nan,no-reassortment,5,4
7.342966874094709e-05,nan,300.0,500.0,t-sne,nan,nan,no-reassortment,5,4
6.0800935933493807e-05,nan,nan,nan,umap,25,0.05,no-reassortment,5,4
0.00016418472539701928,nan,nan,nan,umap,25,0.1,no-reassortment,5,4
8.114556512891465e-05,nan,nan,nan,umap,25,0.25,no-reassortment,5,4
0.00023645043440438215,nan,nan,nan,umap,50,0.05,no-reassortment,5,4
0.00020156443658091408,nan,nan,nan,umap,50,0.1,no-reassortment,5,4
5.3104461083400876e-05,nan,nan,nan,umap,50,0.25,no-reassortment,5,4
3.853644402513582e-05,nan,nan,nan,umap,100,0.05,no-reassortment,5,4
3.699219538791708e-05,nan,nan,nan,umap,100,0.1,no-reassortment,5,4
2.128547516585601e-05,nan,nan,nan,umap,100,0.25,no-reassortment,5,4
